player,isHome,shotType,situation,playerCoordinates,bodyPart,goalMouthLocation,goalMouthCoordinates,goalkeeper,id,time,timeSeconds,draw,incidentType,reversedPeriodTime,reversedPeriodTimeSeconds,periodTimeSeconds,goalType,blockCoordinates
"{'name': 'Diego Armando Maradona', 'slug': 'diego-armando-maradona', 'shortName': 'D. Maradona', 'position': 'M', 'userCount': 1981, 'sofascoreId': 'znsesd', 'id': 797157, 'fieldTranslations': {'nameTranslation': {'ar': 'دييغو أرماندو مارادونا', 'bn': 'দিয়েগো আরমান্দো ম্যারাডোনা', 'hi': 'डिएगो आर्मंडो माराडोना', 'ru': 'Диего Армандо Марадона'}, 'shortNameTranslation': {'ar': 'د. مارادونا', 'bn': 'ডি. ম্যারাডোনা', 'hi': 'डी. माराडोना', 'ru': 'Д. Марадона'}}}",True,miss,free-kick,"{'x': 22.6, 'y': 63.9, 'z': 0}",left-foot,close-left,"{'x': 0, 'y': 58.3, 'z': 8.3}","{'name': 'Peter Shilton', 'firstName': '', 'lastName': '', 'slug': 'peter-shilton', 'shortName': 'P. Shilton', 'position': 'G', 'userCount': 14, 'sofascoreId': 'g8dpy4', 'id': 1420225, 'fieldTranslations': {'nameTranslation': {'ar': 'بيتر شيلتون', 'ru': 'Питер Шилтон'}, 'shortNameTranslation': {'ar': 'ب. شيلتون', 'ru': 'П. Шилтон'}}}",7294572,86,5157,"{'start': {'x': 63.9, 'y': 22.6}, 'end': {'x': 41.7, 'y': 0}, 'goal': {'x': 41.7, 'y': 91.7}}",shot,5,243,2457,,
"{'name': 'Carlos Tapia', 'firstName': '', 'lastName': '', 'slug': 'carlos-tapia', 'shortName': 'C. Tapia', 'position': 'M', 'userCount': 2, 'sofascoreId': 'n5cwqi', 'id': 1420562, 'fieldTranslations': {'nameTranslation': {'ar': 'كارلوس تابيا', 'ru': 'Карлос Тапия'}, 'shortNameTranslation': {'ar': 'ك. تابيا', 'ru': 'К. Тапия'}}}",True,post,regular,"{'x': 16.9, 'y': 46.4, 'z': 0}",right-foot,left,"{'x': 0, 'y': 55.4, 'z': 12.5}","{'name': 'Peter Shilton', 'firstName': '', 'lastName': '', 'slug': 'peter-shilton', 'shortName': 'P. Shilton', 'position': 'G', 'userCount': 14, 'sofascoreId': 'g8dpy4', 'id': 1420225, 'fieldTranslations': {'nameTranslation': {'ar': 'بيتر شيلتون', 'ru': 'Питер Шилтон'}, 'shortNameTranslation': {'ar': 'ب. شيلتون', 'ru': 'П. Шилтон'}}}",7294571,82,4884,"{'start': {'x': 46.4, 'y': 16.9}, 'end': {'x': 44.6, 'y': 0}, 'goal': {'x': 44.6, 'y': 87.5}}",shot,9,516,2184,,
"{'name': 'Gary Lineker', 'slug': 'gary-lineker', 'shortName': 'G. Lineker', 'position': 'F', 'userCount': 61, 'sofascoreId': 'jv46dt', 'id': 1420675, 'fieldTranslations': {'nameTranslation': {'ar': 'غاري لينكر', 'ru': 'Гэри Линекер'}, 'shortNameTranslation': {'ar': 'غ. لينكر', 'ru': 'Г. Линекер'}}}",False,goal,assisted,"{'x': 4.2, 'y': 49.3, 'z': 0}",head,low-right,"{'x': 0, 'y': 46, 'z': 11.1}","{'name': 'Nery Pumpido', 'firstName': '', 'lastName': '', 'slug': 'nery-pumpido', 'shortName': 'N. Pumpido', 'position': 'G', 'userCount': 10, 'sofascoreId': 'ekb47a', 'id': 1420008, 'fieldTranslations': {'nameTranslation': {'ar': 'نيري بومبيدو', 'ru': 'Нери Пумпидо'}, 'shortNameTranslation': {'ar': 'ن. بومبيدو', 'ru': 'Н. Пумпидо'}}}",7294570,81,4834,"{'start': {'x': 49.3, 'y': 4.2}, 'end': {'x': 54, 'y': 0}, 'goal': {'x': 54, 'y': 88.9}}",shot,10,566,2134,regular,
"{'name': 'Terry Butcher', 'firstName': '', 'lastName': '', 'slug': 'terry-butcher', 'shortName': 'T. Butcher', 'position': 'D', 'userCount': 6, 'sofascoreId': 'jv4yeg', 'id': 1420227, 'fieldTranslations': {'nameTranslation': {'ar': 'تيري بوتشر', 'ru': 'Терри Батчер'}, 'shortNameTranslation': {'ar': 'ت. بوتشر', 'ru': 'Т. Батчер'}}}",False,save,set-piece,"{'x': 8.3, 'y': 45.5, 'z': 0}",head,low-centre,"{'x': 0, 'y': 50.6, 'z': 18.4}","{'name': 'Nery Pumpido', 'firstName': '', 'lastName': '', 'slug': 'nery-pumpido', 'shortName': 'N. Pumpido', 'position': 'G', 'userCount': 10, 'sofascoreId': 'ekb47a', 'id': 1420008, 'fieldTranslations': {'nameTranslation': {'ar': 'نيري بومبيدو', 'ru': 'Нери Пумпидо'}, 'shortNameTranslation': {'ar': 'ن. بومبيدو', 'ru': 'Н. Пумпидо'}}}",7294569,77,4596,"{'start': {'x': 45.5, 'y': 8.3}, 'block': {'x': 47.7, 'y': 1.8}, 'end': {'x': 49.4, 'y': 0}, 'goal': {'x': 49.4, 'y': 81.6}}",shot,14,804,1896,,"{'x': 1.8, 'y': 47.7, 'z': 0}"
"{'name': 'Glenn Hoddle', 'slug': 'glenn-hoddle', 'shortName': 'G. Hoddle', 'position': 'M', 'userCount': 6, 'sofascoreId': 'n5c8s7', 'id': 1420242, 'fieldTranslations': {'nameTranslation': {'ar': 'جلين هودل', 'ru': 'Гленн Ходдл'}, 'shortNameTranslation': {'ar': 'ج. هودل', 'ru': 'Г. Ходдл'}}}",False,block,throw-in-set-piece,"{'x': 26, 'y': 30.2, 'z': 0}",right-foot,low-centre,"{'x': 0, 'y': 49.6, 'z': 19}","{'name': 'Nery Pumpido', 'firstName': '', 'lastName': '', 'slug': 'nery-pumpido', 'shortName': 'N. Pumpido', 'position': 'G', 'userCount': 10, 'sofascoreId': 'ekb47a', 'id': 1420008, 'fieldTranslations': {'nameTranslation': {'ar': 'نيري بومبيدو', 'ru': 'Нери Пумпидо'}, 'shortNameTranslation': {'ar': 'ن. بومبيدو', 'ru': 'Н. Пумпидо'}}}",7294568,74,4405,"{'start': {'x': 30.2, 'y': 26}, 'block': {'x': 40.2, 'y': 13.1}, 'end': {'x': 50.4, 'y': 0}, 'goal': {'x': 50.4, 'y': 81}}",shot,17,995,1705,,"{'x': 13.1, 'y': 40.2, 'z': 0}"
"{'name': 'Terry Fenwick', 'firstName': '', 'lastName': '', 'slug': 'terry-fenwick', 'shortName': 'T. Fenwick', 'position': 'D', 'userCount': 1, 'sofascoreId': '8jqatv', 'id': 1420672, 'fieldTranslations': {'nameTranslation': {'ar': 'تيري فينووك', 'ru': 'Терри Фенвик'}, 'shortNameTranslation': {'ar': 'ت. فينووك', 'ru': 'Т. Фенвик'}}}",False,miss,corner,"{'x': 8.9, 'y': 43.6, 'z': 0}",head,high,"{'x': 0, 'y': 46.9, 'z': 97.2}","{'name': 'Nery Pumpido', 'firstName': '', 'lastName': '', 'slug': 'nery-pumpido', 'shortName': 'N. Pumpido', 'position': 'G', 'userCount': 10, 'sofascoreId': 'ekb47a', 'id': 1420008, 'fieldTranslations': {'nameTranslation': {'ar': 'نيري بومبيدو', 'ru': 'Нери Пумпидо'}, 'shortNameTranslation': {'ar': 'ن. بومبيدو', 'ru': 'Н. Пумпидо'}}}",7294567,73,4325,"{'start': {'x': 43.6, 'y': 8.9}, 'end': {'x': 53.1, 'y': 0}, 'goal': {'x': 53.1, 'y': 2.8}}",shot,18,1075,1625,,
"{'name': 'Glenn Hoddle', 'slug': 'glenn-hoddle', 'shortName': 'G. Hoddle', 'position': 'M', 'userCount': 6, 'sofascoreId': 'n5c8s7', 'id': 1420242, 'fieldTranslations': {'nameTranslation': {'ar': 'جلين هودل', 'ru': 'Гленн Ходдл'}, 'shortNameTranslation': {'ar': 'ج. هودل', 'ru': 'Г. Ходдл'}}}",False,save,free-kick,"{'x': 24.5, 'y': 65.7, 'z': 0}",right-foot,low-right,"{'x': 0, 'y': 46.4, 'z': 19}","{'name': 'Nery Pumpido', 'firstName': '', 'lastName': '', 'slug': 'nery-pumpido', 'shortName': 'N. Pumpido', 'position': 'G', 'userCount': 10, 'sofascoreId': 'ekb47a', 'id': 1420008, 'fieldTranslations': {'nameTranslation': {'ar': 'نيري بومبيدو', 'ru': 'Нери Пумпидо'}, 'shortNameTranslation': {'ar': 'ن. بومبيدو', 'ru': 'Н. Пумпидо'}}}",7294566,69,4094,"{'start': {'x': 65.7, 'y': 24.5}, 'block': {'x': 52.2, 'y': 1.6}, 'end': {'x': 53.6, 'y': 0}, 'goal': {'x': 53.6, 'y': 81}}",shot,22,1306,1394,,"{'x': 1.6, 'y': 52.2, 'z': 0}"
"{'name': 'Gary Stevens', 'firstName': '', 'lastName': '', 'slug': 'gary-stevens', 'shortName': 'G. Stevens', 'position': 'D', 'userCount': 1, 'sofascoreId': 'hi5qs8', 'id': 1420671, 'fieldTranslations': {'nameTranslation': {'ar': 'غاري ستيفنز', 'ru': 'Гэри Стивенс'}, 'shortNameTranslation': {'ar': 'غ. ستيفنز', 'ru': 'Г. Стивенс'}}}",False,block,assisted,"{'x': 26.8, 'y': 74.8, 'z': 0}",right-foot,low-centre,"{'x': 0, 'y': 49.2, 'z': 19}","{'name': 'Nery Pumpido', 'firstName': '', 'lastName': '', 'slug': 'nery-pumpido', 'shortName': 'N. Pumpido', 'position': 'G', 'userCount': 10, 'sofascoreId': 'ekb47a', 'id': 1420008, 'fieldTranslations': {'nameTranslation': {'ar': 'نيري بومبيدو', 'ru': 'Нери Пумпидо'}, 'shortNameTranslation': {'ar': 'ن. بومبيدو', 'ru': 'Н. Пумпидо'}}}",7294565,68,4055,"{'start': {'x': 74.8, 'y': 26.8}, 'block': {'x': 66.4, 'y': 17.5}, 'end': {'x': 50.8, 'y': 0}, 'goal': {'x': 50.8, 'y': 81}}",shot,23,1345,1355,,"{'x': 17.5, 'y': 66.4, 'z': 0}"
"{'name': 'Jorge Luis Burruchaga', 'firstName': '', 'lastName': '', 'slug': 'jorge-luis-burruchaga', 'shortName': 'J. L. Burruchaga', 'position': 'M', 'userCount': 17, 'sofascoreId': '8jqa3x', 'id': 1420553, 'fieldTranslations': {'nameTranslation': {'ar': 'خورخي لويس بوروتشاغا', 'ru': 'Хорхе Луис Буручага'}, 'shortNameTranslation': {'ar': 'خ. بوروتشاغا', 'ru': 'Х. Буручага'}}}",True,save,free-kick,"{'x': 23.9, 'y': 15.3, 'z': 0}",right-foot,high-centre,"{'x': 0, 'y': 48.7, 'z': 21.5}","{'name': 'Peter Shilton', 'firstName': '', 'lastName': '', 'slug': 'peter-shilton', 'shortName': 'P. Shilton', 'position': 'G', 'userCount': 14, 'sofascoreId': 'g8dpy4', 'id': 1420225, 'fieldTranslations': {'nameTranslation': {'ar': 'بيتر شيلتون', 'ru': 'Питер Шилтон'}, 'shortNameTranslation': {'ar': 'ب. شيلتون', 'ru': 'П. Шилтон'}}}",7294564,67,3975,"{'start': {'x': 15.3, 'y': 23.9}, 'block': {'x': 48, 'y': 1.8}, 'end': {'x': 51.3, 'y': 0}, 'goal': {'x': 51.3, 'y': 78.5}}",shot,24,1425,1275,,"{'x': 1.8, 'y': 48, 'z': 0}"
"{'name': 'Peter Beardsley', 'firstName': '', 'lastName': '', 'slug': 'peter-beardsley', 'shortName': 'P. Beardsley', 'position': 'F', 'userCount': 2, 'sofascoreId': 'zb8m6y', 'id': 1420677, 'fieldTranslations': {'nameTranslation': {'ar': 'بيتر بيردسلي', 'ru': 'Питер Бирдсли'}, 'shortNameTranslation': {'ar': 'ب. بيردسلي', 'ru': 'П. Бирдсли'}}}",False,save,corner,"{'x': 11.2, 'y': 53.6, 'z': 0}",right-foot,low-left,"{'x': 0, 'y': 52.9, 'z': 7.6}","{'name': 'Nery Pumpido', 'firstName': '', 'lastName': '', 'slug': 'nery-pumpido', 'shortName': 'N. Pumpido', 'position': 'G', 'userCount': 10, 'sofascoreId': 'ekb47a', 'id': 1420008, 'fieldTranslations': {'nameTranslation': {'ar': 'نيري بومبيدو', 'ru': 'Нери Пумпидо'}, 'shortNameTranslation': {'ar': 'ن. بومبيدو', 'ru': 'Н. Пумпидо'}}}",7294563,61,3642,"{'start': {'x': 53.6, 'y': 11.2}, 'block': {'x': 51.1, 'y': 2}, 'end': {'x': 47.1, 'y': 0}, 'goal': {'x': 47.1, 'y': 92.4}}",shot,30,1758,942,,"{'x': 2, 'y': 51.1, 'z': 0}"
"{'name': 'Steve Hodge', 'firstName': '', 'lastName': '', 'slug': 'steve-hodge', 'shortName': 'S. Hodge', 'position': 'M', 'userCount': 0, 'sofascoreId': '8jqatd', 'id': 1420681, 'fieldTranslations': {'nameTranslation': {'ar': 'ستيف هودج', 'ru': 'Стив Ходж'}, 'shortNameTranslation': {'ar': 'س. هودج', 'ru': 'С. Ходж'}}}",False,block,assisted,"{'x': 17.4, 'y': 28.9, 'z': 0}",left-foot,low-centre,"{'x': 0, 'y': 50.1, 'z': 19}","{'name': 'Nery Pumpido', 'firstName': '', 'lastName': '', 'slug': 'nery-pumpido', 'shortName': 'N. Pumpido', 'position': 'G', 'userCount': 10, 'sofascoreId': 'ekb47a', 'id': 1420008, 'fieldTranslations': {'nameTranslation': {'ar': 'نيري بومبيدو', 'ru': 'Нери Пумпидо'}, 'shortNameTranslation': {'ar': 'ن. بومبيدو', 'ru': 'Н. Пумпидо'}}}",7294562,56,3337,"{'start': {'x': 28.9, 'y': 17.4}, 'block': {'x': 41.5, 'y': 7}, 'end': {'x': 49.9, 'y': 0}, 'goal': {'x': 49.9, 'y': 81}}",shot,35,2063,637,,"{'x': 7, 'y': 41.5, 'z': 0}"
"{'name': 'Diego Armando Maradona', 'slug': 'diego-armando-maradona', 'shortName': 'D. Maradona', 'position': 'M', 'userCount': 1981, 'sofascoreId': 'znsesd', 'id': 797157, 'fieldTranslations': {'nameTranslation': {'ar': 'دييغو أرماندو مارادونا', 'bn': 'দিয়েগো আরমান্দো ম্যারাডোনা', 'hi': 'डिएगो आर्मंडो माराडोना', 'ru': 'Диего Армандо Марадона'}, 'shortNameTranslation': {'ar': 'د. مارادونا', 'bn': 'ডি. ম্যারাডোনা', 'hi': 'डी. माराडोना', 'ru': 'Д. Марадона'}}}",True,goal,assisted,"{'x': 7, 'y': 59.6, 'z': 0}",left-foot,low-right,"{'x': 0, 'y': 46, 'z': 5.6}","{'name': 'Peter Shilton', 'firstName': '', 'lastName': '', 'slug': 'peter-shilton', 'shortName': 'P. Shilton', 'position': 'G', 'userCount': 14, 'sofascoreId': 'g8dpy4', 'id': 1420225, 'fieldTranslations': {'nameTranslation': {'ar': 'بيتر شيلتون', 'ru': 'Питер Шилтон'}, 'shortNameTranslation': {'ar': 'ب. شيلتون', 'ru': 'П. Шилтон'}}}",7294561,55,3256,"{'start': {'x': 59.6, 'y': 7}, 'end': {'x': 54, 'y': 0}, 'goal': {'x': 54, 'y': 94.4}}",shot,36,2144,556,regular,
"{'name': 'Gary Lineker', 'slug': 'gary-lineker', 'shortName': 'G. Lineker', 'position': 'F', 'userCount': 61, 'sofascoreId': 'jv46dt', 'id': 1420675, 'fieldTranslations': {'nameTranslation': {'ar': 'غاري لينكر', 'ru': 'Гэри Линекер'}, 'shortNameTranslation': {'ar': 'غ. لينكر', 'ru': 'Г. Линекер'}}}",False,block,regular,"{'x': 11.4, 'y': 45, 'z': 0}",right-foot,low-left,"{'x': 0, 'y': 52.2, 'z': 19}","{'name': 'Nery Pumpido', 'firstName': '', 'lastName': '', 'slug': 'nery-pumpido', 'shortName': 'N. Pumpido', 'position': 'G', 'userCount': 10, 'sofascoreId': 'ekb47a', 'id': 1420008, 'fieldTranslations': {'nameTranslation': {'ar': 'نيري بومبيدو', 'ru': 'Нери Пумпидо'}, 'shortNameTranslation': {'ar': 'ن. بومبيدو', 'ru': 'Н. Пумпидо'}}}",7294560,52,3096,"{'start': {'x': 45, 'y': 11.4}, 'block': {'x': 45.5, 'y': 9.4}, 'end': {'x': 47.8, 'y': 0}, 'goal': {'x': 47.8, 'y': 81}}",shot,39,2304,396,,"{'x': 9.4, 'y': 45.5, 'z': 0}"
"{'name': 'Diego Armando Maradona', 'slug': 'diego-armando-maradona', 'shortName': 'D. Maradona', 'position': 'M', 'userCount': 1981, 'sofascoreId': 'znsesd', 'id': 797157, 'fieldTranslations': {'nameTranslation': {'ar': 'دييغو أرماندو مارادونا', 'bn': 'দিয়েগো আরমান্দো ম্যারাডোনা', 'hi': 'डिएगो आर्मंडो माराडोना', 'ru': 'Диего Армандо Марадона'}, 'shortNameTranslation': {'ar': 'د. مارادونا', 'bn': 'ডি. ম্যারাডোনা', 'hi': 'डी. माराडोना', 'ru': 'Д. Марадона'}}}",True,goal,regular,"{'x': 8.6, 'y': 51.9, 'z': 0}",other,low-centre,"{'x': 0, 'y': 50, 'z': 13.3}","{'name': 'Peter Shilton', 'firstName': '', 'lastName': '', 'slug': 'peter-shilton', 'shortName': 'P. Shilton', 'position': 'G', 'userCount': 14, 'sofascoreId': 'g8dpy4', 'id': 1420225, 'fieldTranslations': {'nameTranslation': {'ar': 'بيتر شيلتون', 'ru': 'Питер Шилтон'}, 'shortNameTranslation': {'ar': 'ب. شيلتون', 'ru': 'П. Шилтон'}}}",7294559,51,3026,"{'start': {'x': 51.9, 'y': 8.6}, 'end': {'x': 50, 'y': 0}, 'goal': {'x': 50, 'y': 86.7}}",shot,40,2374,326,regular,
"{'name': 'Sergio Batista', 'firstName': '', 'lastName': '', 'slug': 'sergio-batista', 'shortName': 'S. Batista', 'position': 'M', 'userCount': 7, 'sofascoreId': '6gtbkj', 'id': 1420551, 'fieldTranslations': {'nameTranslation': {'ar': 'سيرجيو باتيستا', 'ru': 'Серджио Батиста'}, 'shortNameTranslation': {'ar': 'س. باتيستا', 'ru': 'С. Батиста'}}}",True,block,assisted,"{'x': 27.8, 'y': 49.1, 'z': 0}",right-foot,low-centre,"{'x': 0, 'y': 51.7, 'z': 19}","{'name': 'Peter Shilton', 'firstName': '', 'lastName': '', 'slug': 'peter-shilton', 'shortName': 'P. Shilton', 'position': 'G', 'userCount': 14, 'sofascoreId': 'g8dpy4', 'id': 1420225, 'fieldTranslations': {'nameTranslation': {'ar': 'بيتر شيلتون', 'ru': 'Питер Шилтон'}, 'shortNameTranslation': {'ar': 'ب. شيلتون', 'ru': 'П. Шилтон'}}}",7294558,43,2571,"{'start': {'x': 49.1, 'y': 27.8}, 'block': {'x': 48.9, 'y': 21.5}, 'end': {'x': 48.3, 'y': 0}, 'goal': {'x': 48.3, 'y': 81}}",shot,3,129,2571,,"{'x': 21.5, 'y': 48.9, 'z': 0}"
"{'name': 'José Luis Cuciuffo', 'firstName': '', 'lastName': '', 'slug': 'jose-luis-cuciuffo', 'shortName': 'J. L. Cuciuffo', 'position': 'D', 'userCount': 3, 'sofascoreId': 'ekb9s5', 'id': 1420556, 'fieldTranslations': {'nameTranslation': {'ar': 'خوسيه لويس كوتشيفو', 'ru': 'Хосе Луис Кучиуффо'}, 'shortNameTranslation': {'ar': 'خ. كوتشيفو', 'ru': 'Х. Кучиуффо'}}}",True,miss,assisted,"{'x': 27.6, 'y': 72.6, 'z': 0}",right-foot,high-right,"{'x': 0, 'y': 43.2, 'z': 90.3}","{'name': 'Peter Shilton', 'firstName': '', 'lastName': '', 'slug': 'peter-shilton', 'shortName': 'P. Shilton', 'position': 'G', 'userCount': 14, 'sofascoreId': 'g8dpy4', 'id': 1420225, 'fieldTranslations': {'nameTranslation': {'ar': 'بيتر شيلتون', 'ru': 'Питер Шилтон'}, 'shortNameTranslation': {'ar': 'ب. شيلتون', 'ru': 'П. Шилтон'}}}",7294557,40,2392,"{'start': {'x': 72.6, 'y': 27.6}, 'end': {'x': 56.8, 'y': 0}, 'goal': {'x': 56.8, 'y': 9.7}}",shot,6,308,2392,,
"{'name': 'Diego Armando Maradona', 'slug': 'diego-armando-maradona', 'shortName': 'D. Maradona', 'position': 'M', 'userCount': 1981, 'sofascoreId': 'znsesd', 'id': 797157, 'fieldTranslations': {'nameTranslation': {'ar': 'دييغو أرماندو مارادونا', 'bn': 'দিয়েগো আরমান্দো ম্যারাডোনা', 'hi': 'डिएगो आर्मंडो माराडोना', 'ru': 'Диего Армандо Марадона'}, 'shortNameTranslation': {'ar': 'د. مارادونا', 'bn': 'ডি. ম্যারাডোনা', 'hi': 'डी. माराडोना', 'ru': 'Д. Марадона'}}}",True,block,fast-break,"{'x': 15.6, 'y': 35.4, 'z': 0}",left-foot,low-centre,"{'x': 0, 'y': 51.3, 'z': 19}","{'name': 'Peter Shilton', 'firstName': '', 'lastName': '', 'slug': 'peter-shilton', 'shortName': 'P. Shilton', 'position': 'G', 'userCount': 14, 'sofascoreId': 'g8dpy4', 'id': 1420225, 'fieldTranslations': {'nameTranslation': {'ar': 'بيتر شيلتون', 'ru': 'Питер Шилтон'}, 'shortNameTranslation': {'ar': 'ب. شيلتون', 'ru': 'П. Шилтон'}}}",7294556,37,2165,"{'start': {'x': 35.4, 'y': 15.6}, 'block': {'x': 37.9, 'y': 12.7}, 'end': {'x': 48.7, 'y': 0}, 'goal': {'x': 48.7, 'y': 81}}",shot,9,535,2165,,"{'x': 12.7, 'y': 37.9, 'z': 0}"
"{'name': 'Diego Armando Maradona', 'slug': 'diego-armando-maradona', 'shortName': 'D. Maradona', 'position': 'M', 'userCount': 1981, 'sofascoreId': 'znsesd', 'id': 797157, 'fieldTranslations': {'nameTranslation': {'ar': 'دييغو أرماندو مارادونا', 'bn': 'দিয়েগো আরমান্দো ম্যারাডোনা', 'hi': 'डिएगो आर्मंडो माराडोना', 'ru': 'Диего Армандо Марадона'}, 'shortNameTranslation': {'ar': 'د. مارادونا', 'bn': 'ডি. ম্যারাডোনা', 'hi': 'डी. माराडोना', 'ru': 'Д. Марадона'}}}",True,block,free-kick,"{'x': 21.6, 'y': 73.2, 'z': 0}",left-foot,low-left,"{'x': 0, 'y': 53.7, 'z': 19}","{'name': 'Peter Shilton', 'firstName': '', 'lastName': '', 'slug': 'peter-shilton', 'shortName': 'P. Shilton', 'position': 'G', 'userCount': 14, 'sofascoreId': 'g8dpy4', 'id': 1420225, 'fieldTranslations': {'nameTranslation': {'ar': 'بيتر شيلتون', 'ru': 'Питер Шилтон'}, 'shortNameTranslation': {'ar': 'ب. شيلتون', 'ru': 'П. Шилтон'}}}",7294555,35,2043,"{'start': {'x': 73.2, 'y': 21.6}, 'block': {'x': 68.1, 'y': 17.5}, 'end': {'x': 46.3, 'y': 0}, 'goal': {'x': 46.3, 'y': 81}}",shot,11,657,2043,,"{'x': 17.5, 'y': 68.1, 'z': 0}"
"{'name': 'Diego Armando Maradona', 'slug': 'diego-armando-maradona', 'shortName': 'D. Maradona', 'position': 'M', 'userCount': 1981, 'sofascoreId': 'znsesd', 'id': 797157, 'fieldTranslations': {'nameTranslation': {'ar': 'دييغو أرماندو مارادونا', 'bn': 'দিয়েগো আরমান্দো ম্যারাডোনা', 'hi': 'डिएगो आर्मंडो माराडोना', 'ru': 'Диего Армандо Марадона'}, 'shortNameTranslation': {'ar': 'د. مارادونا', 'bn': 'ডি. ম্যারাডোনা', 'hi': 'डी. माराडोना', 'ru': 'Д. Марадона'}}}",True,miss,free-kick,"{'x': 20.9, 'y': 59.7, 'z': 0}",left-foot,close-right,"{'x': 0, 'y': 42.9, 'z': 13.9}","{'name': 'Peter Shilton', 'firstName': '', 'lastName': '', 'slug': 'peter-shilton', 'shortName': 'P. Shilton', 'position': 'G', 'userCount': 14, 'sofascoreId': 'g8dpy4', 'id': 1420225, 'fieldTranslations': {'nameTranslation': {'ar': 'بيتر شيلتون', 'ru': 'Питер Шилтон'}, 'shortNameTranslation': {'ar': 'ب. شيلتون', 'ru': 'П. Шилтон'}}}",7294554,33,1937,"{'start': {'x': 59.7, 'y': 20.9}, 'end': {'x': 57.1, 'y': 0}, 'goal': {'x': 57.1, 'y': 86.1}}",shot,13,763,1937,,
"{'name': 'Peter Beardsley', 'firstName': '', 'lastName': '', 'slug': 'peter-beardsley', 'shortName': 'P. Beardsley', 'position': 'F', 'userCount': 2, 'sofascoreId': 'zb8m6y', 'id': 1420677, 'fieldTranslations': {'nameTranslation': {'ar': 'بيتر بيردسلي', 'ru': 'Питер Бирдсли'}, 'shortNameTranslation': {'ar': 'ب. بيردسلي', 'ru': 'П. Бирдсли'}}}",False,block,regular,"{'x': 15.4, 'y': 60.9, 'z': 0}",left-foot,low-centre,"{'x': 0, 'y': 50.1, 'z': 19}","{'name': 'Nery Pumpido', 'firstName': '', 'lastName': '', 'slug': 'nery-pumpido', 'shortName': 'N. Pumpido', 'position': 'G', 'userCount': 10, 'sofascoreId': 'ekb47a', 'id': 1420008, 'fieldTranslations': {'nameTranslation': {'ar': 'نيري بومبيدو', 'ru': 'Нери Пумпидо'}, 'shortNameTranslation': {'ar': 'ن. بومبيدو', 'ru': 'Н. Пумпидо'}}}",7294553,25,1442,"{'start': {'x': 60.9, 'y': 15.4}, 'block': {'x': 58.5, 'y': 12}, 'end': {'x': 49.9, 'y': 0}, 'goal': {'x': 49.9, 'y': 81}}",shot,21,1258,1442,,"{'x': 12, 'y': 58.5, 'z': 0}"
"{'name': 'Héctor Enrique', 'firstName': '', 'lastName': '', 'slug': 'hector-enrique', 'shortName': 'H. Enrique', 'position': 'M', 'userCount': 4, 'sofascoreId': 'snyidy', 'id': 1420560, 'fieldTranslations': {'nameTranslation': {'ar': 'هيكتور إنريكي', 'ru': 'Эктор Энрике'}, 'shortNameTranslation': {'ar': 'ه. إنريكي', 'ru': 'Э. Энрике'}}}",True,block,assisted,"{'x': 29.3, 'y': 76.5, 'z': 0}",right-foot,high-left,"{'x': 0, 'y': 54.3, 'z': 20.8}","{'name': 'Peter Shilton', 'firstName': '', 'lastName': '', 'slug': 'peter-shilton', 'shortName': 'P. Shilton', 'position': 'G', 'userCount': 14, 'sofascoreId': 'g8dpy4', 'id': 1420225, 'fieldTranslations': {'nameTranslation': {'ar': 'بيتر شيلتون', 'ru': 'Питер Шилтон'}, 'shortNameTranslation': {'ar': 'ب. شيلتون', 'ru': 'П. Шилтон'}}}",7294552,19,1115,"{'start': {'x': 76.5, 'y': 29.3}, 'block': {'x': 63.4, 'y': 15.5}, 'end': {'x': 45.7, 'y': 0}, 'goal': {'x': 45.7, 'y': 79.2}}",shot,27,1585,1115,,"{'x': 15.5, 'y': 63.4, 'z': 0}"
"{'name': 'Ricardo Giusti', 'firstName': '', 'lastName': '', 'slug': 'ricardo-giusti', 'shortName': 'R. Giusti', 'position': 'M', 'userCount': 1, 'sofascoreId': 'ekb9su', 'id': 1420552, 'fieldTranslations': {'nameTranslation': {'ar': 'ريكاردو جيوستي', 'ru': 'Рикардо Джусти'}, 'shortNameTranslation': {'ar': 'ر. جيوستي', 'ru': 'Р. Джусти'}}}",True,block,corner,"{'x': 22.6, 'y': 59.9, 'z': 0}",right-foot,low-centre,"{'x': 0, 'y': 50.6, 'z': 19}","{'name': 'Peter Shilton', 'firstName': '', 'lastName': '', 'slug': 'peter-shilton', 'shortName': 'P. Shilton', 'position': 'G', 'userCount': 14, 'sofascoreId': 'g8dpy4', 'id': 1420225, 'fieldTranslations': {'nameTranslation': {'ar': 'بيتر شيلتون', 'ru': 'Питер Шилтон'}, 'shortNameTranslation': {'ar': 'ب. شيلتون', 'ru': 'П. Шилтон'}}}",7294551,18,1057,"{'start': {'x': 59.9, 'y': 22.6}, 'block': {'x': 57.9, 'y': 18.4}, 'end': {'x': 49.4, 'y': 0}, 'goal': {'x': 49.4, 'y': 81}}",shot,28,1643,1057,,"{'x': 18.4, 'y': 57.9, 'z': 0}"
"{'name': 'Héctor Enrique', 'firstName': '', 'lastName': '', 'slug': 'hector-enrique', 'shortName': 'H. Enrique', 'position': 'M', 'userCount': 4, 'sofascoreId': 'snyidy', 'id': 1420560, 'fieldTranslations': {'nameTranslation': {'ar': 'هيكتور إنريكي', 'ru': 'Эктор Энрике'}, 'shortNameTranslation': {'ar': 'ه. إنريكي', 'ru': 'Э. Энрике'}}}",True,block,assisted,"{'x': 28.2, 'y': 36.5, 'z': 0}",right-foot,low-centre,"{'x': 0, 'y': 50.9, 'z': 9.7}","{'name': 'Peter Shilton', 'firstName': '', 'lastName': '', 'slug': 'peter-shilton', 'shortName': 'P. Shilton', 'position': 'G', 'userCount': 14, 'sofascoreId': 'g8dpy4', 'id': 1420225, 'fieldTranslations': {'nameTranslation': {'ar': 'بيتر شيلتون', 'ru': 'Питер Шилтон'}, 'shortNameTranslation': {'ar': 'ب. شيلتون', 'ru': 'П. Шилтон'}}}",7294550,16,923,"{'start': {'x': 36.5, 'y': 28.2}, 'block': {'x': 39.3, 'y': 19.8}, 'end': {'x': 49.1, 'y': 0}, 'goal': {'x': 49.1, 'y': 90.3}}",shot,30,1777,923,,"{'x': 19.8, 'y': 39.3, 'z': 0}"
"{'name': 'Peter Beardsley', 'firstName': '', 'lastName': '', 'slug': 'peter-beardsley', 'shortName': 'P. Beardsley', 'position': 'F', 'userCount': 2, 'sofascoreId': 'zb8m6y', 'id': 1420677, 'fieldTranslations': {'nameTranslation': {'ar': 'بيتر بيردسلي', 'ru': 'Питер Бирдсли'}, 'shortNameTranslation': {'ar': 'ب. بيردسلي', 'ru': 'П. Бирдсли'}}}",False,miss,regular,"{'x': 8.9, 'y': 93.9, 'z': 0}",left-foot,close-right,"{'x': 0, 'y': 43.1, 'z': 23.6}","{'name': 'Nery Pumpido', 'firstName': '', 'lastName': '', 'slug': 'nery-pumpido', 'shortName': 'N. Pumpido', 'position': 'G', 'userCount': 10, 'sofascoreId': 'ekb47a', 'id': 1420008, 'fieldTranslations': {'nameTranslation': {'ar': 'نيري بومبيدو', 'ru': 'Нери Пумпидо'}, 'shortNameTranslation': {'ar': 'ن. بومبيدو', 'ru': 'Н. Пумпидо'}}}",7294549,13,727,"{'start': {'x': 93.9, 'y': 8.9}, 'end': {'x': 56.9, 'y': 0}, 'goal': {'x': 56.9, 'y': 76.4}}",shot,33,1973,727,,
"{'name': 'Oscar Ruggeri', 'firstName': '', 'lastName': '', 'slug': 'oscar-ruggeri', 'shortName': 'O. Ruggeri', 'position': 'D', 'userCount': 14, 'sofascoreId': 'zb8m94', 'id': 1420549, 'fieldTranslations': {'nameTranslation': {'ar': 'أوسكار روجيري', 'ru': 'Оскар Ругерри'}, 'shortNameTranslation': {'ar': 'أ. روجيري', 'ru': 'О. Ругерри'}}}",True,miss,assisted,"{'x': 9.8, 'y': 51.1, 'z': 0}",head,high-left,"{'x': 0, 'y': 76.8, 'z': 68.1}","{'name': 'Peter Shilton', 'firstName': '', 'lastName': '', 'slug': 'peter-shilton', 'shortName': 'P. Shilton', 'position': 'G', 'userCount': 14, 'sofascoreId': 'g8dpy4', 'id': 1420225, 'fieldTranslations': {'nameTranslation': {'ar': 'بيتر شيلتون', 'ru': 'Питер Шилтон'}, 'shortNameTranslation': {'ar': 'ب. شيلتون', 'ru': 'П. Шилтон'}}}",7294548,11,600,"{'start': {'x': 51.1, 'y': 9.8}, 'end': {'x': 23.2, 'y': 0}, 'goal': {'x': 23.2, 'y': 31.9}}",shot,35,2100,600,,
"{'name': 'Diego Armando Maradona', 'slug': 'diego-armando-maradona', 'shortName': 'D. Maradona', 'position': 'M', 'userCount': 1981, 'sofascoreId': 'znsesd', 'id': 797157, 'fieldTranslations': {'nameTranslation': {'ar': 'دييغو أرماندو مارادونا', 'bn': 'দিয়েগো আরমান্দো ম্যারাডোনা', 'hi': 'डिएगो आर्मंडो माराडोना', 'ru': 'Диего Армандо Марадона'}, 'shortNameTranslation': {'ar': 'د. مارادونا', 'bn': 'ডি. ম্যারাডোনা', 'hi': 'डी. माराडोना', 'ru': 'Д. Марадона'}}}",True,save,free-kick,"{'x': 24.4, 'y': 70.7, 'z': 0}",left-foot,high-left,"{'x': 0, 'y': 52.8, 'z': 27.8}","{'name': 'Peter Shilton', 'firstName': '', 'lastName': '', 'slug': 'peter-shilton', 'shortName': 'P. Shilton', 'position': 'G', 'userCount': 14, 'sofascoreId': 'g8dpy4', 'id': 1420225, 'fieldTranslations': {'nameTranslation': {'ar': 'بيتر شيلتون', 'ru': 'Питер Шилтон'}, 'shortNameTranslation': {'ar': 'ب. شيلتون', 'ru': 'П. Шилтон'}}}",7294547,10,556,"{'start': {'x': 70.7, 'y': 24.4}, 'block': {'x': 50.5, 'y': 2.7}, 'end': {'x': 47.2, 'y': 0}, 'goal': {'x': 47.2, 'y': 72.2}}",shot,36,2144,556,,"{'x': 2.7, 'y': 50.5, 'z': 0}"
"{'name': 'Terry Fenwick', 'firstName': '', 'lastName': '', 'slug': 'terry-fenwick', 'shortName': 'T. Fenwick', 'position': 'D', 'userCount': 1, 'sofascoreId': '8jqatv', 'id': 1420672, 'fieldTranslations': {'nameTranslation': {'ar': 'تيري فينووك', 'ru': 'Терри Фенвик'}, 'shortNameTranslation': {'ar': 'ت. فينووك', 'ru': 'Т. Фенвик'}}}",False,miss,throw-in-set-piece,"{'x': 28.4, 'y': 40.1, 'z': 0}",right-foot,high-right,"{'x': 0, 'y': 39.7, 'z': 91.7}","{'name': 'Nery Pumpido', 'firstName': '', 'lastName': '', 'slug': 'nery-pumpido', 'shortName': 'N. Pumpido', 'position': 'G', 'userCount': 10, 'sofascoreId': 'ekb47a', 'id': 1420008, 'fieldTranslations': {'nameTranslation': {'ar': 'نيري بومبيدو', 'ru': 'Нери Пумпидо'}, 'shortNameTranslation': {'ar': 'ن. بومبيدو', 'ru': 'Н. Пумпидо'}}}",7294546,7,404,"{'start': {'x': 40.1, 'y': 28.4}, 'end': {'x': 60.3, 'y': 0}, 'goal': {'x': 60.3, 'y': 8.3}}",shot,39,2296,404,,
