name,firstName,lastName,slug,shortName,position,height,userCount,sofascoreId,country,id,marketValueCurrency,dateOfBirthTimestamp,fieldTranslations,jerseyNumber,gender,teamId,shirtNumber,jerseyNumber,position,substitute,totalPass,accuratePass,totalLongBalls,accurateLongBalls,goalAssist,accurateOwnHalfPasses,totalOwnHalfPasses,accurateOppositionHalfPasses,totalOppositionHalfPasses,ballRecovery,errorLeadToAShot,unsuccessfulTouch,goodHighClaim,savedShotsFromInsideTheBox,saves,minutesPlayed,touches,rating,possessionLostCtrl,ratingVersions,totalShots,statisticsType,duelLost,duelWon,challengeLost,totalContest,wonContest,shotOffTarget,totalClearance,outfielderBlock,totalTackle,wonTackle,fouls,aerialLost,aerialWon,interceptionWon,keyPass,wasFouled,totalCross,dispossessed,blockedScoringAttempt,bigChanceCreated,onTargetScoringAttempt,accurateCross,goals,totalOffside,hitWoodwork,bigChanceMissed,teamName,captain
Nery Pumpido,,,nery-pumpido,N. Pumpido,G,182.0,10,ekb47a,"{'alpha2': 'AR', 'alpha3': 'ARG', 'name': 'Argentina', 'slug': 'argentina'}",1420008,EUR,-392083200,"{'nameTranslation': {'ar': 'نيري بومبيدو', 'ru': 'Нери Пумпидо'}, 'shortNameTranslation': {'ar': 'ن. بومبيدو', 'ru': 'Н. Пумпидо'}}",,,4819,18,18,G,False,29.0,16.0,16.0,3.0,0.0,13.0,13.0,3.0,16.0,16.0,1.0,1.0,2.0,2.0,3.0,90.0,38.0,6.8,14.0,"{'original': 6.8, 'alternative': 6.8}",0,"{'sportSlug': 'football', 'statisticsType': 'player'}",,,,,,,,,,,,,,,,,,,,,,,,,,,Argentina,
José Luis Cuciuffo,,,jose-luis-cuciuffo,J. L. Cuciuffo,D,176.0,3,ekb9s5,"{'alpha2': 'AR', 'alpha3': 'ARG', 'name': 'Argentina', 'slug': 'argentina'}",1420556,EUR,-281318400,"{'nameTranslation': {'ar': 'خوسيه لويس كوتشيفو', 'ru': 'Хосе Луис Кучиуффо'}, 'shortNameTranslation': {'ar': 'خ. كوتشيفو', 'ru': 'Х. Кучиуффо'}}",,,4819,9,9,D,False,24.0,19.0,2.0,2.0,0.0,13.0,15.0,6.0,9.0,2.0,,,,,,90.0,51.0,6.8,9.0,"{'original': 6.8, 'alternative': 6.8}",1,"{'sportSlug': 'football', 'statisticsType': 'player'}",4.0,6.0,1.0,2.0,1.0,1.0,1.0,1.0,5.0,3.0,2.0,,,,,,,,,,,,,,,,Argentina,
José Luis Brown,,,jose-luis-brown,J. L. Brown,D,183.0,2,q4ru62,"{'alpha2': 'AR', 'alpha3': 'ARG', 'name': 'Argentina', 'slug': 'argentina'}",1420548,EUR,-441072000,"{'nameTranslation': {'ar': 'خوسيه لويس براون', 'ru': 'Хосе Луис Браун'}, 'shortNameTranslation': {'ar': 'خ. براون', 'ru': 'Х. Браун'}}",,,4819,5,5,D,False,29.0,25.0,5.0,3.0,0.0,20.0,21.0,5.0,8.0,2.0,1.0,2.0,,,,90.0,55.0,7.3,6.0,"{'original': 7.3, 'alternative': 7.3}",0,"{'sportSlug': 'football', 'statisticsType': 'player'}",2.0,7.0,,,,,18.0,1.0,2.0,1.0,1.0,1.0,5.0,1.0,1.0,,,,,,,,,,,,Argentina,
Oscar Ruggeri,,,oscar-ruggeri,O. Ruggeri,D,185.0,14,zb8m94,"{'alpha2': 'AR', 'alpha3': 'ARG', 'name': 'Argentina', 'slug': 'argentina'}",1420549,EUR,-250300800,"{'nameTranslation': {'ar': 'أوسكار روجيري', 'ru': 'Оскар Ругерри'}, 'shortNameTranslation': {'ar': 'أ. روجيري', 'ru': 'О. Ругерри'}}",,,4819,19,19,D,False,19.0,13.0,1.0,,0.0,12.0,16.0,1.0,3.0,3.0,,1.0,,,,90.0,36.0,7.1,8.0,"{'original': 7.1, 'alternative': 7.1}",1,"{'sportSlug': 'football', 'statisticsType': 'player'}",4.0,7.0,,,,1.0,8.0,2.0,,,2.0,2.0,6.0,1.0,,1.0,,,,,,,,,,,Argentina,
Ricardo Giusti,,,ricardo-giusti,R. Giusti,M,178.0,1,ekb9su,"{'alpha2': 'AR', 'alpha3': 'ARG', 'name': 'Argentina', 'slug': 'argentina'}",1420552,EUR,-412041600,"{'nameTranslation': {'ar': 'ريكاردو جيوستي', 'ru': 'Рикардо Джусти'}, 'shortNameTranslation': {'ar': 'ر. جيوستي', 'ru': 'Р. Джусти'}}",,,4819,14,14,M,False,28.0,25.0,1.0,,0.0,10.0,10.0,15.0,18.0,5.0,,,,,,90.0,48.0,7.0,7.0,"{'original': 7, 'alternative': 7}",1,"{'sportSlug': 'football', 'statisticsType': 'player'}",5.0,8.0,1.0,2.0,1.0,,3.0,,5.0,3.0,2.0,,,,1.0,2.0,1.0,1.0,1.0,,,,,,,,Argentina,
Héctor Enrique,,,hector-enrique,H. Enrique,M,172.0,4,snyidy,"{'alpha2': 'AR', 'alpha3': 'ARG', 'name': 'Argentina', 'slug': 'argentina'}",1420560,EUR,-242524800,"{'nameTranslation': {'ar': 'هيكتور إنريكي', 'ru': 'Эктор Энрике'}, 'shortNameTranslation': {'ar': 'ه. إنريكي', 'ru': 'Э. Энрике'}}",,,4819,12,12,M,False,31.0,25.0,3.0,1.0,1.0,12.0,12.0,13.0,19.0,4.0,,2.0,,,,90.0,45.0,6.8,11.0,"{'original': 6.8, 'alternative': 6.8}",2,"{'sportSlug': 'football', 'statisticsType': 'player'}",6.0,4.0,,5.0,3.0,,,,1.0,1.0,3.0,,,,1.0,,,1.0,2.0,1.0,,,,,,,Argentina,
Jorge Luis Burruchaga,,,jorge-luis-burruchaga,J. L. Burruchaga,M,177.0,17,8jqa3x,"{'alpha2': 'AR', 'alpha3': 'ARG', 'name': 'Argentina', 'slug': 'argentina'}",1420553,EUR,-228182400,"{'nameTranslation': {'ar': 'خورخي لويس بوروتشاغا', 'ru': 'Хорхе Луис Буручага'}, 'shortNameTranslation': {'ar': 'خ. بوروتشاغا', 'ru': 'Х. Буручага'}}",,,4819,7,7,M,False,36.0,27.0,5.0,3.0,0.0,8.0,8.0,19.0,28.0,2.0,,2.0,,,,76.0,52.0,7.1,17.0,"{'original': 7.1, 'alternative': 7.1}",1,"{'sportSlug': 'football', 'statisticsType': 'player'}",2.0,4.0,,2.0,2.0,,1.0,,2.0,1.0,,,,,,,4.0,2.0,,,1.0,,,,,,Argentina,
Sergio Batista,,,sergio-batista,S. Batista,M,186.0,7,6gtbkj,"{'alpha2': 'AR', 'alpha3': 'ARG', 'name': 'Argentina', 'slug': 'argentina'}",1420551,EUR,-225504000,"{'nameTranslation': {'ar': 'سيرجيو باتيستا', 'ru': 'Серджио Батиста'}, 'shortNameTranslation': {'ar': 'س. باتيستا', 'ru': 'С. Батиста'}}",,,4819,2,2,M,False,45.0,37.0,2.0,1.0,0.0,20.0,23.0,17.0,22.0,8.0,,,,,,90.0,51.0,6.4,8.0,"{'original': 6.4, 'alternative': 6.4}",1,"{'sportSlug': 'football', 'statisticsType': 'player'}",5.0,3.0,2.0,,,,2.0,,,,3.0,1.0,1.0,,,2.0,,,1.0,,,,,,,,Argentina,
Julio Olarticoechea,,,julio-olarticoechea,J. Olarticoechea,D,169.0,4,8jq94y,"{'alpha2': 'AR', 'alpha3': 'ARG', 'name': 'Argentina', 'slug': 'argentina'}",1420009,EUR,-353635200,"{'nameTranslation': {'ar': 'خوليو أولارتيكويتشيا', 'ru': 'Хулио Олартикоэчеа'}, 'shortNameTranslation': {'ar': 'خ. أولارتيكويتشيا', 'ru': 'Х. Олартикоэчеа'}}",,,4819,16,16,M,False,23.0,21.0,1.0,,0.0,11.0,11.0,10.0,12.0,3.0,,2.0,,,,90.0,42.0,6.7,6.0,"{'original': 6.7, 'alternative': 6.7}",0,"{'sportSlug': 'football', 'statisticsType': 'player'}",2.0,4.0,,2.0,,,2.0,,2.0,1.0,,,1.0,2.0,,1.0,1.0,,,,,1.0,,,,,Argentina,
Diego Armando Maradona,,,diego-armando-maradona,D. Maradona,M,165.0,1981,znsesd,"{'alpha2': 'AR', 'alpha3': 'ARG', 'name': 'Argentina', 'slug': 'argentina'}",797157,EUR,-289440000,"{'nameTranslation': {'ar': 'دييغو أرماندو مارادونا', 'bn': 'দিয়েগো আরমান্দো ম্যারাডোনা', 'hi': 'डिएगो आर्मंडो माराडोना', 'ru': 'Диего Армандо Марадона'}, 'shortNameTranslation': {'ar': 'د. مارادونا', 'bn': 'ডি. ম্যারাডোনা', 'hi': 'डी. माराडोना', 'ru': 'Д. Марадона'}}",,,4819,10,10,F,False,31.0,24.0,2.0,1.0,0.0,3.0,3.0,21.0,28.0,3.0,,2.0,,,,90.0,73.0,9.8,22.0,"{'original': 9.8, 'alternative': 9.8}",7,"{'sportSlug': 'football', 'statisticsType': 'player'}",13.0,19.0,2.0,15.0,10.0,2.0,,,,,,3.0,2.0,,5.0,7.0,5.0,3.0,2.0,,3.0,1.0,2.0,,,,Argentina,True
Jorge Valdano,,,jorge-valdano,J. Valdano,F,188.0,18,jv4y29,"{'alpha2': 'AR', 'alpha3': 'ARG', 'name': 'Argentina', 'slug': 'argentina'}",1420003,EUR,-449539200,"{'nameTranslation': {'ar': 'خورخي فالدانوا', 'ru': 'Хорхе Вальдано'}, 'shortNameTranslation': {'ar': 'خ. فالدانوا', 'ru': 'Х. Вальдано'}}",,,4819,11,11,F,False,19.0,10.0,1.0,,0.0,3.0,4.0,7.0,15.0,1.0,,3.0,,,,90.0,41.0,6.6,20.0,"{'original': 6.6, 'alternative': 6.6}",0,"{'sportSlug': 'football', 'statisticsType': 'player'}",12.0,10.0,1.0,3.0,2.0,,3.0,1.0,,,1.0,3.0,6.0,,,3.0,1.0,6.0,,,,,,1.0,,,Argentina,
Carlos Tapia,,,carlos-tapia,C. Tapia,M,173.0,2,n5cwqi,"{'alpha2': 'AR', 'alpha3': 'ARG', 'name': 'Argentina', 'slug': 'argentina'}",1420562,EUR,-232502400,"{'nameTranslation': {'ar': 'كارلوس تابيا', 'ru': 'Карлос Тапия'}, 'shortNameTranslation': {'ar': 'ك. تابيا', 'ru': 'К. Тапия'}}",,,4819,20,20,M,True,5.0,4.0,,,0.0,2.0,2.0,2.0,3.0,,,,,,,14.0,7.0,6.7,1.0,"{'original': 6.7, 'alternative': 6.7}",1,"{'sportSlug': 'football', 'statisticsType': 'player'}",,1.0,,,,1.0,,,1.0,,,,,,,,,,,,,,,,1.0,,Argentina,
Luis Islas,,,luis-islas,L. Islas,G,189.0,3,wrp2uf,"{'alpha2': 'AR', 'alpha3': 'ARG', 'name': 'Argentina', 'slug': 'argentina'}",1420557,EUR,-127094400,"{'nameTranslation': {'ar': 'لويس إيسلاس', 'ru': 'Луис Ислас'}, 'shortNameTranslation': {'ar': 'ل. إيسلاس', 'ru': 'Л. Ислас'}}",,,4819,15,15,G,True,,,,,,,,,,,,,,,,,,,,,0,"{'sportSlug': 'football', 'statisticsType': 'player'}",,,,,,,,,,,,,,,,,,,,,,,,,,,Argentina,
Héctor Zelada,,,hector-zelada,H. Zelada,G,178.0,2,iwf4vd,"{'alpha2': 'AR', 'alpha3': 'ARG', 'name': 'Argentina', 'slug': 'argentina'}",1420559,EUR,-399945600,"{'nameTranslation': {'ar': 'هيكتور زيلادا', 'ru': 'Эктор Зелада'}, 'shortNameTranslation': {'ar': 'ه. زيلادا', 'ru': 'Э. Зелада'}}",,,4819,22,22,G,True,,,,,,,,,,,,,,,,,,,,,0,"{'sportSlug': 'football', 'statisticsType': 'player'}",,,,,,,,,,,,,,,,,,,,,,,,,,,Argentina,
Néstor Clausen,,,nestor-clausen,N. Clausen,D,176.0,1,jv46x3,"{'alpha2': 'AR', 'alpha3': 'ARG', 'name': 'Argentina', 'slug': 'argentina'}",1420547,EUR,-229046400,"{'nameTranslation': {'ar': 'نيستور كلاوسن', 'ru': 'Нестор Клаусен'}, 'shortNameTranslation': {'ar': 'ن. كلاوسن', 'ru': 'Н. Клаусен'}}",,,4819,8,8,D,True,,,,,,,,,,,,,,,,,,,,,0,"{'sportSlug': 'football', 'statisticsType': 'player'}",,,,,,,,,,,,,,,,,,,,,,,,,,,Argentina,
Oscar Garré,,,oscar-garre,O. Garré,D,175.0,1,fpks22,"{'alpha2': 'AR', 'alpha3': 'ARG', 'name': 'Argentina', 'slug': 'argentina'}",1420550,EUR,-412214400,"{'nameTranslation': {'ar': 'أوسكار غاري', 'ru': 'Оскар Гарре'}, 'shortNameTranslation': {'ar': 'أ. غاري', 'ru': 'О. Гарре'}}",,,4819,13,13,D,True,,,,,,,,,,,,,,,,,,,,,0,"{'sportSlug': 'football', 'statisticsType': 'player'}",,,,,,,,,,,,,,,,,,,,,,,,,,,Argentina,
Daniel Passarella,,,daniel-passarella,D. Passarella,D,173.0,86,km72ds,"{'alpha2': 'AR', 'alpha3': 'ARG', 'name': 'Argentina', 'slug': 'argentina'}",1419741,EUR,-524016000,"{'nameTranslation': {'ar': 'دانييل باساريلا', 'ru': 'Даниэль Пасарелла'}, 'shortNameTranslation': {'ar': 'د. باساريلا', 'ru': 'Д. Пасарелла'}}",,,4819,6,6,D,True,,,,,,,,,,,,,,,,,,,,,0,"{'sportSlug': 'football', 'statisticsType': 'player'}",,,,,,,,,,,,,,,,,,,,,,,,,,,Argentina,
Claudio Borghi,,,claudio-borghi,C. Borghi,M,181.0,5,wrp2ub,"{'alpha2': 'AR', 'alpha3': 'ARG', 'name': 'Argentina', 'slug': 'argentina'}",1420558,EUR,-165974400,"{'nameTranslation': {'ar': 'كلوديو بورغي', 'ru': 'Клаудио Борги'}, 'shortNameTranslation': {'ar': 'ك. بورغي', 'ru': 'К. Борги'}}",,,4819,4,4,M,True,,,,,,,,,,,,,,,,,,,,,0,"{'sportSlug': 'football', 'statisticsType': 'player'}",,,,,,,,,,,,,,,,,,,,,,,,,,,Argentina,
Marcelo Trobbiani,,,marcelo-trobbiani,M. Trobbiani,M,175.0,1,vu2gzp,"{'alpha2': 'AR', 'alpha3': 'ARG', 'name': 'Argentina', 'slug': 'argentina'}",1420555,EUR,-469324800,"{'nameTranslation': {'ar': 'مارسيلو تروبياني', 'ru': 'Марсело Тробиани'}, 'shortNameTranslation': {'ar': 'م. تروبياني', 'ru': 'М. Тробиани'}}",,,4819,21,21,M,True,,,,,,,,,,,,,,,,,,,,,0,"{'sportSlug': 'football', 'statisticsType': 'player'}",,,,,,,,,,,,,,,,,,,,,,,,,,,Argentina,
Ricardo Bochini,,,ricardo-bochini,R. Bochini,M,168.0,14,uth8bi,"{'alpha2': 'AR', 'alpha3': 'ARG', 'name': 'Argentina', 'slug': 'argentina'}",1420563,EUR,-502848000,"{'nameTranslation': {'ar': 'ريكاردو بوتشيني', 'ru': 'Рикардо Бочини'}, 'shortNameTranslation': {'ar': 'ر. بوتشيني', 'ru': 'Р. Бочини'}}",,,4819,3,3,M,True,,,,,,,,,,,,,,,,,,,,,0,"{'sportSlug': 'football', 'statisticsType': 'player'}",,,,,,,,,,,,,,,,,,,,,,,,,,,Argentina,
Pedro Pablo Pasculli,,,pedro-pablo-pasculli,P. P. Pasculli,F,172.0,2,cezpr3,"{'alpha2': 'AR', 'alpha3': 'ARG', 'name': 'Argentina', 'slug': 'argentina'}",1420554,EUR,-303782400,"{'nameTranslation': {'ar': 'بيدرو بابلو باسكولي', 'ru': 'Педро Пабло Паскулли'}, 'shortNameTranslation': {'ar': 'ب. باسكولي', 'ru': 'П. Паскулли'}}",,,4819,17,17,F,True,,,,,,,,,,,,,,,,,,,,,0,"{'sportSlug': 'football', 'statisticsType': 'player'}",,,,,,,,,,,,,,,,,,,,,,,,,,,Argentina,
Sergio Almirón,,,sergio-almiron,S. Almirón,F,176.0,2,km7yn4,"{'alpha2': 'AR', 'alpha3': 'ARG', 'name': 'Argentina', 'slug': 'argentina'}",1420561,EUR,-350956800,"{'nameTranslation': {'ar': 'سيرجيو ألميرون', 'ru': 'Серджио Альмирон'}, 'shortNameTranslation': {'ar': 'س. ألميرون', 'ru': 'С. Альмирон'}}",,,4819,1,1,F,True,,,,,,,,,,,,,,,,,,,,,0,"{'sportSlug': 'football', 'statisticsType': 'player'}",,,,,,,,,,,,,,,,,,,,,,,,,,,Argentina,
Peter Shilton,,,peter-shilton,P. Shilton,G,183.0,14,g8dpy4,"{'alpha2': 'EN', 'alpha3': 'ENG', 'name': 'England', 'slug': 'england'}",1420225,EUR,-640224000,"{'nameTranslation': {'ar': 'بيتر شيلتون', 'ru': 'Питер Шилтон'}, 'shortNameTranslation': {'ar': 'ب. شيلتون', 'ru': 'П. Шилтон'}}",,,4713,1,1,G,False,17.0,11.0,7.0,1.0,0.0,10.0,10.0,1.0,7.0,23.0,,,2.0,,2.0,90.0,36.0,6.6,6.0,"{'original': 6.6, 'alternative': 6.6}",0,"{'sportSlug': 'football', 'statisticsType': 'player'}",2.0,1.0,1.0,,,,,,,,,1.0,,,,1.0,,,,,,,,,,,England,True
Gary Stevens,,,gary-stevens,G. Stevens,D,180.0,1,hi5qs8,"{'alpha2': 'EN', 'alpha3': 'ENG', 'name': 'England', 'slug': 'england'}",1420671,EUR,-244857600,"{'nameTranslation': {'ar': 'غاري ستيفنز', 'ru': 'Гэри Стивенс'}, 'shortNameTranslation': {'ar': 'غ. ستيفنز', 'ru': 'Г. Стивенс'}}",,,4713,2,2,D,False,36.0,18.0,10.0,,0.0,11.0,11.0,7.0,25.0,2.0,,,,,,90.0,55.0,6.0,24.0,"{'original': 6, 'alternative': 6}",1,"{'sportSlug': 'football', 'statisticsType': 'player'}",5.0,2.0,2.0,1.0,1.0,,2.0,1.0,,,,1.0,1.0,1.0,,,1.0,2.0,1.0,,,,,,,,England,
Terry Fenwick,,,terry-fenwick,T. Fenwick,D,181.0,1,8jqatv,"{'alpha2': 'EN', 'alpha3': 'ENG', 'name': 'England', 'slug': 'england'}",1420672,EUR,-319507200,"{'nameTranslation': {'ar': 'تيري فينووك', 'ru': 'Терри Фенвик'}, 'shortNameTranslation': {'ar': 'ت. فينووك', 'ru': 'Т. Фенвик'}}",,,4713,14,14,D,False,33.0,26.0,8.0,3.0,0.0,24.0,25.0,2.0,8.0,3.0,,,,,,90.0,42.0,6.4,8.0,"{'original': 6.4, 'alternative': 6.4}",2,"{'sportSlug': 'football', 'statisticsType': 'player'}",7.0,3.0,3.0,,,2.0,4.0,2.0,,,3.0,1.0,3.0,,,,1.0,,,,,,,,,,England,
Terry Butcher,,,terry-butcher,T. Butcher,D,193.0,6,jv4yeg,"{'alpha2': 'EN', 'alpha3': 'ENG', 'name': 'England', 'slug': 'england'}",1420227,EUR,-347500800,"{'nameTranslation': {'ar': 'تيري بوتشر', 'ru': 'Терри Батчер'}, 'shortNameTranslation': {'ar': 'ت. بوتشر', 'ru': 'Т. Батчер'}}",,,4713,6,6,D,False,48.0,39.0,15.0,8.0,0.0,28.0,31.0,11.0,17.0,7.0,,,,,,90.0,67.0,6.8,9.0,"{'original': 6.8, 'alternative': 6.8}",1,"{'sportSlug': 'football', 'statisticsType': 'player'}",9.0,9.0,4.0,1.0,1.0,,9.0,,5.0,3.0,2.0,3.0,3.0,1.0,,,,,,,1.0,,,,,1.0,England,
Kenny Sansom,,,kenny-sansom,K. Sansom,D,173.0,3,rs968g,"{'alpha2': 'EN', 'alpha3': 'ENG', 'name': 'England', 'slug': 'england'}",1420226,EUR,-355536000,"{'nameTranslation': {'ar': 'كيني سانسوم', 'ru': 'Кенни Сэнсом'}, 'shortNameTranslation': {'ar': 'ك. سانسوم', 'ru': 'К. Сэнсом'}}",,,4713,3,3,D,False,39.0,28.0,4.0,2.0,0.0,12.0,13.0,16.0,26.0,2.0,,,,,,90.0,73.0,7.2,19.0,"{'original': 7.2, 'alternative': 7.2}",0,"{'sportSlug': 'football', 'statisticsType': 'player'}",4.0,9.0,1.0,,,,4.0,1.0,7.0,5.0,,1.0,1.0,,1.0,1.0,1.0,2.0,,,,,,,,,England,
Trevor Steven,,,trevor-steven,T. Steven,M,177.0,1,fpkscc,"{'alpha2': 'EN', 'alpha3': 'ENG', 'name': 'England', 'slug': 'england'}",1420678,EUR,-198201600,"{'nameTranslation': {'ar': 'تريفور ستيفن', 'ru': 'Тревор Стивен'}, 'shortNameTranslation': {'ar': 'ت. ستيفن', 'ru': 'Т. Стивен'}}",,,4713,17,17,M,False,9.0,9.0,1.0,1.0,0.0,4.0,4.0,5.0,5.0,2.0,,,,,,75.0,24.0,6.6,6.0,"{'original': 6.6, 'alternative': 6.6}",0,"{'sportSlug': 'football', 'statisticsType': 'player'}",4.0,3.0,,1.0,,,1.0,2.0,2.0,1.0,2.0,1.0,,1.0,,1.0,3.0,1.0,,,,,,,,,England,
Glenn Hoddle,,,glenn-hoddle,G. Hoddle,M,183.0,6,n5c8s7,"{'alpha2': 'EN', 'alpha3': 'ENG', 'name': 'England', 'slug': 'england'}",1420242,EUR,-384393600,"{'nameTranslation': {'ar': 'جلين هودل', 'ru': 'Гленн Ходдл'}, 'shortNameTranslation': {'ar': 'ج. هودل', 'ru': 'Г. Ходдл'}}",,,4713,4,4,M,False,33.0,20.0,6.0,3.0,0.0,9.0,11.0,11.0,22.0,2.0,,1.0,,,,90.0,58.0,7.0,21.0,"{'original': 7, 'alternative': 7}",2,"{'sportSlug': 'football', 'statisticsType': 'player'}",10.0,8.0,4.0,2.0,1.0,,1.0,,3.0,2.0,2.0,1.0,1.0,1.0,3.0,3.0,6.0,2.0,1.0,,1.0,3.0,,,,,England,
Peter Reid,,,peter-reid,P. Reid,M,173.0,1,q4ruic,"{'alpha2': 'EN', 'alpha3': 'ENG', 'name': 'England', 'slug': 'england'}",1420676,EUR,-440208000,"{'nameTranslation': {'ar': 'بيتر ريد', 'ru': 'Питер Рид'}, 'shortNameTranslation': {'ar': 'ب. ريد', 'ru': 'П. Рид'}}",,,4713,16,16,M,False,31.0,27.0,3.0,1.0,0.0,20.0,22.0,7.0,9.0,4.0,,1.0,,,,65.0,40.0,6.5,6.0,"{'original': 6.5, 'alternative': 6.5}",0,"{'sportSlug': 'football', 'statisticsType': 'player'}",4.0,5.0,1.0,2.0,1.0,,,,2.0,2.0,3.0,,,1.0,,2.0,,,,,,,,,,,England,
Steve Hodge,,,steve-hodge,S. Hodge,M,170.0,0,8jqatd,"{'alpha2': 'EN', 'alpha3': 'ENG', 'name': 'England', 'slug': 'england'}",1420681,EUR,-226800000,"{'nameTranslation': {'ar': 'ستيف هودج', 'ru': 'Стив Ходж'}, 'shortNameTranslation': {'ar': 'س. هودج', 'ru': 'С. Ходж'}}",,,4713,18,18,M,False,13.0,10.0,,,0.0,3.0,4.0,7.0,9.0,1.0,,1.0,,,,90.0,31.0,7.0,7.0,"{'original': 7, 'alternative': 7}",1,"{'sportSlug': 'football', 'statisticsType': 'player'}",5.0,7.0,1.0,3.0,2.0,,3.0,,4.0,3.0,3.0,,,2.0,,1.0,1.0,,1.0,,,,,,,,England,
Peter Beardsley,,,peter-beardsley,P. Beardsley,F,173.0,2,zb8m6y,"{'alpha2': 'EN', 'alpha3': 'ENG', 'name': 'England', 'slug': 'england'}",1420677,EUR,-282528000,"{'nameTranslation': {'ar': 'بيتر بيردسلي', 'ru': 'Питер Бирдсли'}, 'shortNameTranslation': {'ar': 'ب. بيردسلي', 'ru': 'П. Бирдсли'}}",,,4713,20,20,F,False,17.0,13.0,1.0,1.0,0.0,3.0,3.0,10.0,14.0,4.0,,4.0,,,,90.0,36.0,6.7,14.0,"{'original': 6.7, 'alternative': 6.7}",3,"{'sportSlug': 'football', 'statisticsType': 'player'}",9.0,4.0,2.0,3.0,,1.0,,,1.0,1.0,1.0,2.0,1.0,1.0,1.0,2.0,2.0,1.0,1.0,,1.0,1.0,,,,,England,
Gary Lineker,,,gary-lineker,G. Lineker,F,180.0,61,jv46dt,"{'alpha2': 'EN', 'alpha3': 'ENG', 'name': 'England', 'slug': 'england'}",1420675,EUR,-286761600,"{'nameTranslation': {'ar': 'غاري لينكر', 'ru': 'Гэри Линекер'}, 'shortNameTranslation': {'ar': 'غ. لينكر', 'ru': 'Г. Линекер'}}",,,4713,10,10,F,False,8.0,6.0,,,0.0,2.0,3.0,4.0,5.0,1.0,,3.0,,,,90.0,17.0,7.0,5.0,"{'original': 7, 'alternative': 7}",2,"{'sportSlug': 'football', 'statisticsType': 'player'}",10.0,2.0,,,,,,,,,1.0,9.0,,1.0,,2.0,,,1.0,,1.0,,1.0,5.0,,,England,
Chris Waddle,,,chris-waddle,C. Waddle,M,188.0,4,g8d7ur,"{'alpha2': 'EN', 'alpha3': 'ENG', 'name': 'England', 'slug': 'england'}",1420673,EUR,-285552000,"{'nameTranslation': {'ar': 'كريس وادل', 'ru': 'Крис Уэддл'}, 'shortNameTranslation': {'ar': 'ك. وادل', 'ru': 'К. Уэддл'}}",,,4713,11,11,M,True,2.0,,,,0.0,,,,2.0,,,,,,,25.0,10.0,6.3,8.0,"{'original': 6.3, 'alternative': 6.3}",0,"{'sportSlug': 'football', 'statisticsType': 'player'}",2.0,1.0,,3.0,1.0,,,,,,,,,,,,1.0,,,,,,,,,,England,
John Barnes,,,john-barnes,J. Barnes,F,181.0,14,wrp257,"{'alpha2': 'EN', 'alpha3': 'ENG', 'name': 'England', 'slug': 'england'}",1420685,EUR,-194140800,"{'nameTranslation': {'ar': 'جون بارنز', 'ru': 'Джон Барнс'}, 'shortNameTranslation': {'ar': 'ج. بارنز', 'ru': 'Д. Барнс'}}",10,,4713,19,19,M,True,2.0,1.0,,,1.0,1.0,1.0,0.0,1.0,1.0,,1.0,,,,15.0,7.0,7.1,4.0,"{'original': 7.1, 'alternative': 7.1}",0,"{'sportSlug': 'football', 'statisticsType': 'player'}",2.0,1.0,,,,,,,1.0,,,1.0,,,1.0,,2.0,1.0,,1.0,,1.0,,,,,England,
Chris Woods,,,chris-woods,C. Woods,G,188.0,1,cezp3t,"{'alpha2': 'EN', 'alpha3': 'ENG', 'name': 'England', 'slug': 'england'}",1420682,EUR,-319766400,"{'nameTranslation': {'ar': 'كريس وودز', 'ru': 'Крис Вудс'}, 'shortNameTranslation': {'ar': 'ك. وودز', 'ru': 'К. Вудс'}}",,,4713,13,13,G,True,,,,,,,,,,,,,,,,,,,,,0,"{'sportSlug': 'football', 'statisticsType': 'player'}",,,,,,,,,,,,,,,,,,,,,,,,,,,England,
Gary Bailey,,,gary-bailey,G. Bailey,G,188.0,1,6gtbvs,"{'alpha2': 'EN', 'alpha3': 'ENG', 'name': 'England', 'slug': 'england'}",1420679,EUR,-359683200,"{'nameTranslation': {'ar': 'غاري بيلي', 'ru': 'Гэри Бейли'}, 'shortNameTranslation': {'ar': 'غ. بيلي', 'ru': 'Г. Бейли'}}",,,4713,22,22,G,True,,,,,,,,,,,,,,,,,,,,,0,"{'sportSlug': 'football', 'statisticsType': 'player'}",,,,,,,,,,,,,,,,,,,,,,,,,,,England,
Gary Stevens,,,gary-stevens,G. Stevens,D,180.0,0,ekb9x5,"{'alpha2': 'EN', 'alpha3': 'ENG', 'name': 'England', 'slug': 'england'}",1420680,EUR,-213580800,"{'nameTranslation': {'ar': 'غاري ستيفنز', 'ru': 'Гэри Стивенс'}, 'shortNameTranslation': {'ar': 'غ. ستيفنز', 'ru': 'Г. Стивенс'}}",,,4713,15,15,D,True,,,,,,,,,,,,,,,,,,,,,0,"{'sportSlug': 'football', 'statisticsType': 'player'}",,,,,,,,,,,,,,,,,,,,,,,,,,,England,
Viv Anderson,,,viv-anderson,V. Anderson,D,184.0,2,km72ex,"{'alpha2': 'EN', 'alpha3': 'ENG', 'name': 'England', 'slug': 'england'}",1420241,EUR,-423705600,"{'nameTranslation': {'ar': 'فيف أندرسون', 'ru': 'Вив Андерсон'}, 'shortNameTranslation': {'ar': 'ف. أندرسون', 'ru': 'В. Андерсон'}}",,,4713,12,12,D,True,,,,,,,,,,,,,,,,,,,,,0,"{'sportSlug': 'football', 'statisticsType': 'player'}",,,,,,,,,,,,,,,,,,,,,,,,,,,England,
Alvin Martin,,,alvin-martin,A. Martin,D,184.0,1,vu2gqa,"{'alpha2': 'EN', 'alpha3': 'ENG', 'name': 'England', 'slug': 'england'}",1420683,EUR,-363225600,"{'nameTranslation': {'ar': 'ألفين مارتن', 'ru': 'Алвин Мартин'}, 'shortNameTranslation': {'ar': 'أ. مارتن', 'ru': 'А. Мартин'}}",,,4713,5,5,D,True,,,,,,,,,,,,,,,,,,,,,0,"{'sportSlug': 'football', 'statisticsType': 'player'}",,,,,,,,,,,,,,,,,,,,,,,,,,,England,
Bryan Robson,,,bryan-robson,B. Robson,M,176.0,12,8jq9c8,"{'alpha2': 'EN', 'alpha3': 'ENG', 'name': 'England', 'slug': 'england'}",1420233,EUR,-409363200,"{'nameTranslation': {'ar': 'براين روبسون', 'ru': 'Брайан Робсон'}, 'shortNameTranslation': {'ar': 'ب. روبسون', 'ru': 'Б. Робсон'}}",12,,4713,7,7,M,True,,,,,,,,,,,,,,,,,,,,,0,"{'sportSlug': 'football', 'statisticsType': 'player'}",,,,,,,,,,,,,,,,,,,,,,,,,,,England,
Ray Wilkins,,,ray-wilkins,R. Wilkins,M,,1,fpkvt5,"{'alpha2': 'EN', 'alpha3': 'ENG', 'name': 'England', 'slug': 'england'}",1420230,EUR,-419644800,"{'nameTranslation': {'ar': 'راي ويلكينز', 'ru': 'Рэй Уилкинс'}, 'shortNameTranslation': {'ar': 'ر. ويلكينز', 'ru': 'Р. Уилкинс'}}",,M,4713,8,8,M,True,,,,,,,,,,,,,,,,,,,,,0,"{'sportSlug': 'football', 'statisticsType': 'player'}",,,,,,,,,,,,,,,,,,,,,,,,,,,England,
Mark Hateley,,,mark-hateley,M. Hateley,F,190.0,1,rs9hft,"{'alpha2': 'EN', 'alpha3': 'ENG', 'name': 'England', 'slug': 'england'}",1420674,EUR,-257212800,"{'nameTranslation': {'ar': 'مارك هاتلي', 'ru': 'Марк Хэйтли'}, 'shortNameTranslation': {'ar': 'م. هاتلي', 'ru': 'М. Хэйтли'}}",,,4713,9,9,F,True,,,,,,,,,,,,,,,,,,,,,0,"{'sportSlug': 'football', 'statisticsType': 'player'}",,,,,,,,,,,,,,,,,,,,,,,,,,,England,
Kerry Dixon,,,kerry-dixon,K. Dixon,F,183.0,1,ekb9xb,"{'alpha2': 'EN', 'alpha3': 'ENG', 'name': 'England', 'slug': 'england'}",1420684,EUR,-268963200,"{'nameTranslation': {'ar': 'كيري ديكسون', 'ru': 'Керри Диксон'}, 'shortNameTranslation': {'ar': 'ك. ديكسون', 'ru': 'К. Диксон'}}",,,4713,21,21,F,True,,,,,,,,,,,,,,,,,,,,,0,"{'sportSlug': 'football', 'statisticsType': 'player'}",,,,,,,,,,,,,,,,,,,,,,,,,,,England,
