name,slug,shortName,position,jerseyNumber,height,userCount,gender,sofascoreId,country,id,marketValueCurrency,dateOfBirthTimestamp,proposedMarketValueRaw,fieldTranslations,firstName,lastName,teamId,shirtNumber,jerseyNumber,position,substitute,totalPass,accuratePass,totalLongBalls,accurateLongBalls,goalAssist,accurateOwnHalfPasses,totalOwnHalfPasses,totalOppositionHalfPasses,totalClearance,ballRecovery,goodHighClaim,savedShotsFromInsideTheBox,penaltyFaced,saves,punches,totalKeeperSweeper,accurateKeeperSweeper,minutesPlayed,touches,rating,possessionLostCtrl,penaltyShootoutSave,expectedGoals,expectedGoalsOnTarget,expectedAssists,totalBallCarriesDistance,ballCarriesCount,totalProgression,progressiveBallCarriesCount,ratingVersions,totalShots,goalsPrevented,statisticsType,accurateOppositionHalfPasses,totalCross,aerialLost,duelLost,duelWon,challengeLost,interceptionWon,totalTackle,wonTackle,unsuccessfulTouch,bestBallCarryProgression,totalProgressiveBallCarriesDistance,aerialWon,wasFouled,fouls,outfielderBlock,penaltyConceded,keyPass,dispossessed,totalContest,shotOffTarget,onTargetScoringAttempt,wonContest,blockedScoringAttempt,lastManTackle,bigChanceCreated,accurateCross,goals,totalOffside,penaltyShootoutGoal,penaltyWon,bigChanceMissed,penaltyShootoutMiss,teamName,captain
Emiliano Martínez,emiliano-martinez,E. Martínez,G,23,195,80332,M,EmiMartinez,"{'alpha2': 'AR', 'alpha3': 'ARG', 'name': 'Argentina', 'slug': 'argentina'}",158263,EUR,715392000,"{'value': 11500000, 'currency': 'EUR'}","{'nameTranslation': {'ar': 'إيميليانو مارتينيز', 'bn': 'এমিলিয়ানো মার্টিনেজ', 'hi': 'एमिलियानो मार्टिनेज', 'ru': 'Эмилиано Мартинес'}, 'shortNameTranslation': {'ar': 'إ. مارتينيز', 'bn': 'ই. মার্টিনেজ', 'hi': 'ई. मार्टिनेज', 'ru': 'Э. Мартинес'}}",,,4819,23,23,G,False,25.0,9.0,17.0,1.0,0.0,9.0,12.0,13.0,2.0,8.0,1.0,2.0,2.0,2.0,1.0,1.0,1.0,120.0,37.0,6.9,16.0,1.0,0.0,0.0,3.912e-05,42.956542337496,7.0,2.1947180360668,0.0,"{'original': 6.9, 'alternative': 6.9}",0,-0.1674,"{'sportSlug': 'football', 'statisticsType': 'player'}",,,,,,,,,,,,,,,,,,,,,,,,,,,,,,,,,,Argentina,
Nahuel Molina,nahuel-molina,N. Molina,D,20,175,20603,M,nahuelmolina_35,"{'alpha2': 'AR', 'alpha3': 'ARG', 'name': 'Argentina', 'slug': 'argentina'}",831799,EUR,891820800,"{'value': 14600000, 'currency': 'EUR'}","{'nameTranslation': {'ar': 'ناويل مولينا', 'bn': 'নাহুয়েল মোলিনা', 'hi': 'नहुएल मोलिना', 'ru': 'Науэль Молина'}, 'shortNameTranslation': {'ar': 'ن. مولينا', 'bn': 'এন. মোলিনা', 'hi': 'एन. मोलिना', 'ru': 'Н. Молина'}}",Nahuel,Molina,4819,26,26,D,False,41.0,27.0,6.0,1.0,0.0,17.0,22.0,19.0,1.0,8.0,,,,,,,,90.0,61.0,6.2,19.0,,0.0,0.0,0.00888205,80.809677598747,13.0,51.531405782068,1.0,"{'original': 6.2, 'alternative': 6.2}",0,,"{'sportSlug': 'football', 'statisticsType': 'player'}",10.0,1.0,2.0,3.0,1.0,1.0,1.0,1.0,1.0,3.0,19.435346336248,19.496921013329,,,,,,,,,,,,,,,,,,,,,,Argentina,
Cristian Romero,cristian-romero,C. Romero,D,17,185,49252,M,cutiromero2,"{'alpha2': 'AR', 'alpha3': 'ARG', 'name': 'Argentina', 'slug': 'argentina'}",829932,EUR,893635200,"{'value': 46000000, 'currency': 'EUR'}","{'nameTranslation': {'ar': 'كريستيان روميرو', 'bn': 'ক্রিশ্চিয়ান রোমেরো', 'hi': 'क्रिस्टियन रोमेरो', 'ru': 'Кристиан Ромеро'}, 'shortNameTranslation': {'ar': 'ك. روميرو', 'bn': 'সি. রোমেরো', 'hi': 'सी. रोमेरो', 'ru': 'К. Ромеро'}}",Cristian,Romero,4819,13,13,D,False,70.0,60.0,10.0,8.0,0.0,50.0,54.0,16.0,9.0,12.0,,,,,,,,120.0,90.0,6.6,10.0,,0.0,0.0,0.0039635,196.93158268905,30.0,97.126485318293,0.0,"{'original': 6.6, 'alternative': 6.6}",0,,"{'sportSlug': 'football', 'statisticsType': 'player'}",10.0,,2.0,7.0,3.0,2.0,2.0,,,,,,2.0,1.0,3.0,,,,,,,,,,,,,,,,,,,Argentina,
Nicolás Otamendi,nicolas-otamendi,N. Otamendi,D,30,183,23741,M,Notamendi30,"{'alpha2': 'AR', 'alpha3': 'ARG', 'name': 'Argentina', 'slug': 'argentina'}",74915,EUR,571622400,"{'value': 1100000, 'currency': 'EUR'}","{'nameTranslation': {'ar': 'نيكولاس أوتامندي', 'bn': 'নিকোলাস ওটামেন্ডি', 'hi': 'निकोलस ओटामेंडी', 'ru': 'Николас Отаменди'}, 'shortNameTranslation': {'ar': 'ن. أوتامندي', 'bn': 'এন. ওটামেন্ডি', 'hi': 'एन. ओटामेंडी', 'ru': 'Н. Отаменди'}}",,,4819,19,19,D,False,74.0,68.0,3.0,1.0,0.0,58.0,60.0,14.0,3.0,7.0,,,,,,,,120.0,82.0,6.0,8.0,,0.0,0.0,0.00386373,242.23440611153,36.0,54.291204404157,1.0,"{'original': 6, 'alternative': 6}",0,,"{'sportSlug': 'football', 'statisticsType': 'player'}",10.0,,3.0,5.0,1.0,,2.0,,,2.0,14.859368298093,14.868516032207,1.0,,2.0,1.0,1.0,,,,,,,,,,,,,,,,,Argentina,
Nicolás Tagliafico,nicolas-tagliafico,N. Tagliafico,D,3,172,17274,M,tagliafico3,"{'alpha2': 'AR', 'alpha3': 'ARG', 'name': 'Argentina', 'slug': 'argentina'}",158243,EUR,715219200,"{'value': 3800000, 'currency': 'EUR'}","{'nameTranslation': {'ar': 'نيكولاس تاجليافيكو', 'bn': 'নিকোলাস ট্যাগলিয়াফিকো', 'hi': 'निकोलस टैग्लियाफ़िको', 'ru': 'Николас Тальяфико'}, 'shortNameTranslation': {'ar': 'ن. تاجليافيكو', 'bn': 'এন. ট্যাগলিয়াফিকো', 'hi': 'एन. टैग्लियाफ़िको', 'ru': 'Н. Тальяфико'}}",,,4819,3,3,D,False,44.0,36.0,3.0,1.0,0.0,20.0,23.0,21.0,1.0,4.0,,,,,,,,119.0,70.0,7.1,13.0,,0.0,0.0,0.0120274,57.91091847854,9.0,14.318744902129,1.0,"{'original': 7.1, 'alternative': 7.1}",0,,"{'sportSlug': 'football', 'statisticsType': 'player'}",16.0,,,3.0,7.0,,4.0,4.0,4.0,,16.799937316613,18.668905940092,1.0,2.0,3.0,,,1.0,,,,,,,,,,,,,,,,Argentina,
Rodrigo De Paul,rodrigo-de-paul,R. De Paul,M,7,180,63221,M,RodridePaul,"{'alpha2': 'AR', 'alpha3': 'ARG', 'name': 'Argentina', 'slug': 'argentina'}",249399,EUR,769737600,"{'value': 14500000, 'currency': 'EUR'}","{'nameTranslation': {'ar': 'رودريغو دي بول', 'bn': 'রদ্রিগো ডি পল', 'hi': 'रोड्रिगो डी पॉल', 'ru': 'Родриго Де Пауль'}, 'shortNameTranslation': {'ar': 'ر. دي بول', 'bn': 'আর. ডি. পল', 'hi': 'आर. डी पॉल', 'ru': 'Р. Де Пауль'}}",Rodrigo,De Paul,4819,7,7,M,False,67.0,60.0,5.0,3.0,0.0,37.0,38.0,29.0,1.0,5.0,,,,,,,,102.0,90.0,6.7,18.0,,0.123,0.1133,0.1041,249.19604315043,34.0,113.20445613958,3.0,"{'original': 6.7, 'alternative': 6.7}",2,,"{'sportSlug': 'football', 'statisticsType': 'player'}",23.0,2.0,1.0,9.0,7.0,1.0,,1.0,1.0,3.0,24.110384129395,56.008015228454,,6.0,2.0,,,1.0,2.0,3.0,1.0,1.0,,,,,,,,,,,,Argentina,
Enzo Fernández,enzo-fernandez,E. Fernández,M,8,177,157761,M,Enzo8,"{'alpha2': 'AR', 'alpha3': 'ARG', 'name': 'Argentina', 'slug': 'argentina'}",974505,EUR,979689600,"{'value': 97000000, 'currency': 'EUR'}","{'nameTranslation': {'ar': 'إنزو فرنانديز', 'bn': 'এনজো ফার্নান্ডেজ', 'hi': 'एन्ज़ो फर्नांडीज़', 'ru': 'Энцо Фернандес'}, 'shortNameTranslation': {'ar': 'إ. فرنانديز', 'bn': 'ই. ফার্নান্ডেজ', 'hi': 'ई. फर्नांडीज़', 'ru': 'Э. Фернандес'}}",,,4819,24,24,M,False,91.0,77.0,11.0,5.0,0.0,48.0,53.0,38.0,1.0,11.0,,,,,,,,120.0,118.0,7.2,20.0,,0.1035,0.1573,0.0618121,265.81633444607,34.0,91.429773023558,1.0,"{'original': 7.2, 'alternative': 7.2}",2,,"{'sportSlug': 'football', 'statisticsType': 'player'}",29.0,,,10.0,11.0,6.0,,10.0,7.0,4.0,22.91715850756,27.111038416114,,,3.0,,,1.0,1.0,2.0,,1.0,1.0,1.0,1.0,,,,,,,,,Argentina,
Alexis Mac Allister,alexis-mac-allister,A. Mac Allister,M,10,176,85837,M,Macca10,"{'alpha2': 'AR', 'alpha3': 'ARG', 'name': 'Argentina', 'slug': 'argentina'}",895324,EUR,914457600,"{'value': 77000000, 'currency': 'EUR'}","{'nameTranslation': {'ar': 'أليكسيس ماك أليستر', 'bn': 'অ্যালেক্সিস ম্যাক অ্যালিস্টার', 'hi': 'एलेक्सिस मैक एलिस्टर', 'ru': 'Алексис Мак Аллистер'}, 'shortNameTranslation': {'ar': 'أ. ماك أليستر', 'bn': 'এ. ম্যাক অ্যালিস্টার', 'hi': 'ए. मैक एलिस्टर', 'ru': 'А. Аллистер'}}",,,4819,20,20,M,False,52.0,44.0,,,1.0,18.0,21.0,31.0,1.0,8.0,,,,,,,,116.0,76.0,7.7,14.0,,0.0771,0.0281,0.251668,162.65471783601,19.0,76.45384188645,1.0,"{'original': 7.7, 'alternative': 7.7}",3,,"{'sportSlug': 'football', 'statisticsType': 'player'}",26.0,,5.0,8.0,8.0,,,1.0,,2.0,19.36533215979,20.088289150647,2.0,3.0,,1.0,,1.0,3.0,2.0,2.0,1.0,2.0,,,1.0,,,,,,,,Argentina,
Lionel Messi,lionel-messi,L. Messi,F,10,169,3059187,M,LM10,"{'alpha2': 'AR', 'alpha3': 'ARG', 'name': 'Argentina', 'slug': 'argentina'}",12994,EUR,551491200,"{'value': 16300000, 'currency': 'EUR'}","{'nameTranslation': {'ar': 'ليونيل ميسي', 'bn': 'লিওনেল মেসি', 'hi': 'लियोनेल मेसी', 'ru': 'Лионель Месси'}, 'shortNameTranslation': {'ar': 'ل. ميسي', 'bn': 'এল. মেসি', 'hi': 'एल. मेसी', 'ru': 'Л. Месси'}}",,,4819,10,10,F,False,53.0,46.0,4.0,4.0,0.0,7.0,7.0,46.0,,6.0,,,,,,,,120.0,85.0,9.4,26.0,,1.8754,2.2403,0.260169,314.21837249242,36.0,145.18915537797,4.0,"{'original': 9.4, 'alternative': 9.4}",5,,"{'sportSlug': 'football', 'statisticsType': 'player'}",39.0,6.0,,10.0,5.0,,,2.0,1.0,5.0,18.195848111474,63.950717696743,2.0,2.0,2.0,,,3.0,6.0,2.0,1.0,4.0,,,,1.0,1.0,2.0,1.0,1.0,,,,Argentina,True
Julián Alvarez,julian-alvarez,J. Álvarez,F,19,170,305308,M,LaArana,"{'alpha2': 'AR', 'alpha3': 'ARG', 'name': 'Argentina', 'slug': 'argentina'}",944656,EUR,949276800,"{'value': 116000000, 'currency': 'EUR'}","{'nameTranslation': {'ar': 'جوليان ألفاريز', 'bn': 'জুলিয়ান আলভারেজ', 'hi': 'जूलियन अल्वारेज़', 'ru': 'Хулиан Альварес'}, 'shortNameTranslation': {'ar': 'ج. ألفاريز', 'bn': 'জে. আলভারেজ', 'hi': 'जे. अल्वारेज़', 'ru': 'Х. Альварес'}}",,,4819,9,9,F,False,33.0,27.0,1.0,1.0,0.0,10.0,11.0,22.0,,5.0,,,,,,,,103.0,41.0,6.9,9.0,,0.0656,0.2902,0.0596757,106.28694231674,12.0,34.491741740322,3.0,"{'original': 6.9, 'alternative': 6.9}",1,,"{'sportSlug': 'football', 'statisticsType': 'player'}",17.0,,4.0,11.0,,1.0,,,,2.0,16.086947152674,48.438180242795,,,6.0,,,2.0,1.0,,,1.0,,,,,,,1.0,,,,,Argentina,
Ángel Di María,angel-di-maria,Á. Di María,M,11,180,87882,M,ADiMaria,"{'alpha2': 'AR', 'alpha3': 'ARG', 'name': 'Argentina', 'slug': 'argentina'}",30027,EUR,571795200,"{'value': 1900000, 'currency': 'EUR'}","{'nameTranslation': {'ar': 'أنخيل دي ماريا', 'bn': 'অ্যাঞ্জেল ডি মারিয়া', 'hi': 'एंजेल डि मारिया', 'ru': 'Анхель Ди Мария'}, 'shortNameTranslation': {'ar': 'أ. دي ماريا', 'bn': 'এ. ডি মারিয়া', 'hi': 'ए. डि मारिया', 'ru': 'А. Мария'}}",,,4819,11,11,F,False,27.0,26.0,2.0,2.0,0.0,12.0,13.0,14.0,,2.0,,,,,,,,64.0,48.0,8.3,10.0,,0.492,0.8957,0.158811,184.43570525479,18.0,79.086791699044,4.0,"{'original': 8.3, 'alternative': 8.3}",2,,"{'sportSlug': 'football', 'statisticsType': 'player'}",14.0,3.0,1.0,5.0,7.0,2.0,1.0,,,3.0,34.748348087145,82.555816399292,,3.0,,,,3.0,,6.0,1.0,1.0,4.0,,,,,1.0,1.0,,1.0,,,Argentina,
Marcos Acuña,marcos-acuna,M. Acuña,D,21,172,9143,M,marcos.acuna10,"{'alpha2': 'AR', 'alpha3': 'ARG', 'name': 'Argentina', 'slug': 'argentina'}",578560,EUR,688608000,"{'value': 905000, 'currency': 'EUR'}","{'nameTranslation': {'ar': 'ماركوس أكونيا', 'bn': 'মার্কোস আকুনা', 'hi': 'मार्कोस एक्यूना', 'ru': 'Маркус Акунья'}, 'shortNameTranslation': {'ar': 'م. أكونيا', 'bn': 'এম. আকুনা', 'hi': 'एम. एक्यूना', 'ru': 'М. Акунья'}}",Marcos,Acuna,4819,8,8,D,True,21.0,16.0,1.0,,0.0,5.0,6.0,15.0,1.0,4.0,,,,,,,,56.0,42.0,6.3,15.0,,0.0,0.0,0.225983,79.459377313169,10.0,28.577761028968,0.0,"{'original': 6.3, 'alternative': 6.3}",0,,"{'sportSlug': 'football', 'statisticsType': 'player'}",11.0,4.0,1.0,9.0,4.0,1.0,,2.0,2.0,1.0,,,2.0,,2.0,,,2.0,3.0,2.0,,,,,,1.0,,,,,,,,Argentina,
Gonzalo Montiel,gonzalo-montiel,G. Montiel,D,4,175,13179,M,gonzalo_montiel29,"{'alpha2': 'AR', 'alpha3': 'ARG', 'name': 'Argentina', 'slug': 'argentina'}",822933,EUR,852076800,"{'value': 4800000, 'currency': 'EUR'}","{'nameTranslation': {'ar': 'غونزالو مونتييل', 'bn': 'গঞ্জালো মন্টিয়েল', 'hi': 'गोंजालो मोंटिएल', 'ru': 'Гонсало Монтьель'}, 'shortNameTranslation': {'ar': 'غ. مونتيل', 'bn': 'জি. মন্টিয়েল', 'hi': 'जी. मोंटिएल', 'ru': 'Г. Монтьель'}}",Gonzalo,Montiel,4819,4,4,D,True,10.0,6.0,,,0.0,3.0,4.0,6.0,,1.0,,,,,,,,30.0,17.0,6.3,6.0,,0.0187,0.0,0.28314,38.880237106316,5.0,24.294627921179,0.0,"{'original': 6.3, 'alternative': 6.3}",1,,"{'sportSlug': 'football', 'statisticsType': 'player'}",3.0,1.0,1.0,4.0,2.0,2.0,,1.0,1.0,1.0,,,,1.0,2.0,,1.0,2.0,,,,,,1.0,,,,,,1.0,,,,Argentina,
Leandro Paredes,leandro-paredes,L. Paredes,M,5,180,48727,M,LeoParedes,"{'alpha2': 'AR', 'alpha3': 'ARG', 'name': 'Argentina', 'slug': 'argentina'}",255389,EUR,772848000,"{'value': 5300000, 'currency': 'EUR'}","{'nameTranslation': {'ar': 'لياندرو باريديس', 'bn': 'লিয়ান্দ্রো পেরেদেস', 'hi': 'लिआंड्रो पारेडेस', 'ru': 'Леандро Паредес'}, 'shortNameTranslation': {'ar': 'ل. باريديس', 'bn': 'এল. পেরেদেস', 'hi': 'एल. पारेडेस', 'ru': 'Л. Паредес'}}",Leandro,Paredes,4819,5,5,M,True,15.0,15.0,1.0,1.0,0.0,7.0,7.0,8.0,,4.0,,,,,,,,18.0,18.0,6.8,,,0.0,0.0,0.0132937,42.329096188081,6.0,9.1898126269594,0.0,"{'original': 6.8, 'alternative': 6.8}",0,,"{'sportSlug': 'football', 'statisticsType': 'player'}",8.0,,,2.0,1.0,1.0,,1.0,1.0,,,,,,1.0,,,,,,,,,,,,,,,1.0,,,,Argentina,
Lautaro Martínez,lautaro-martinez,L. Martínez,F,10,175,144323,M,LautaroM,"{'alpha2': 'AR', 'alpha3': 'ARG', 'name': 'Argentina', 'slug': 'argentina'}",823984,EUR,872208000,"{'value': 80000000, 'currency': 'EUR'}","{'nameTranslation': {'ar': 'لاوتارو مارتينيز', 'bn': 'লাউতারো মার্টিনেজ', 'hi': 'लौटारो मार्टिनेज़', 'ru': 'Лаутаро Мартинес'}, 'shortNameTranslation': {'ar': 'ل. مارتينيز', 'bn': 'এল. মার্টিনেজ', 'hi': 'एल. मार्टिनेज़', 'ru': 'Л. Мартинес'}}",Lautaro,Martinez,4819,22,22,F,True,8.0,6.0,,,0.0,2.0,2.0,6.0,,2.0,,,,,,,,17.0,13.0,6.0,3.0,,0.5928,0.1447,0.00931822,13.079872281173,3.0,8.3576587974419,1.0,"{'original': 6, 'alternative': 6}",4,,"{'sportSlug': 'football', 'statisticsType': 'player'}",4.0,,2.0,2.0,,,,,,1.0,4.8243827665912,5.46,,,,,,,,,2.0,1.0,,1.0,,,,,1.0,,,2.0,,Argentina,
Germán Pezzella,german-pezzella,G. Pezzella,D,,187,3637,M,germanpezzella,"{'alpha2': 'AR', 'alpha3': 'ARG', 'name': 'Argentina', 'slug': 'argentina'}",158241,EUR,677980800,"{'value': 475000, 'currency': 'EUR'}","{'nameTranslation': {'ar': 'جيرمان بيزيلا', 'bn': 'জার্মান পেজেলা', 'hi': 'जर्मन पेज़ेला', 'ru': 'Херман Песелья'}, 'shortNameTranslation': {'ar': 'ج. بيزيلا', 'bn': 'জি. পেজেলা', 'hi': 'जी. पेज़ेला', 'ru': 'Х. Песелья'}}",,,4819,6,6,D,True,1.0,1.0,,,0.0,,,1.0,,,,,,,,,,8.0,1.0,6.2,,,0.0,0.0,0.0001222,3.1119125951736,1.0,2.7463330882127,0.0,"{'original': 6.2, 'alternative': 6.2}",0,,"{'sportSlug': 'football', 'statisticsType': 'player'}",1.0,,,,,,,,,,,,,,,,,,,,,,,,,,,,,,,,,Argentina,
Paulo Dybala,paulo-dybala,P. Dybala,F,21,177,131163,M,LaJoya,"{'alpha2': 'AR', 'alpha3': 'ARG', 'name': 'Argentina', 'slug': 'argentina'}",256219,EUR,753321600,"{'value': 5200000, 'currency': 'EUR'}","{'nameTranslation': {'ar': 'باولو ديبالا', 'bn': 'পাওলো দিবালা', 'hi': 'पाउलो डिबाला', 'ru': 'Пауло Дибала'}, 'shortNameTranslation': {'ar': 'ب. ديبالا', 'bn': 'পি. দিবালা', 'hi': 'पी. डिबाला', 'ru': 'П. Дибала'}}",Paulo,Dybala,4819,21,21,F,True,3.0,1.0,,,0.0,1.0,1.0,2.0,1.0,,,,,,,,,1.0,5.0,,2.0,,0.0,0.0,1.238e-05,4.2244261148705,1.0,1.067303368474,0.0,,0,,"{'sportSlug': 'football', 'statisticsType': 'player'}",,,,,1.0,,,,,,,,,,,,,,,1.0,,,1.0,,,,,,,1.0,,,,Argentina,
Gerónimo Rulli,geronimo-rulli,G. Rulli,G,28,189,19942,M,gerorulli,"{'alpha2': 'AR', 'alpha3': 'ARG', 'name': 'Argentina', 'slug': 'argentina'}",128383,EUR,706320000,"{'value': 5800000, 'currency': 'EUR'}","{'nameTranslation': {'ar': 'جيرونيمو رولي', 'bn': 'জেরোনিমো রুলি', 'hi': 'गेरोनिमो रुल्ली', 'ru': 'Херонимо Рульи'}, 'shortNameTranslation': {'ar': 'ج. رولي', 'bn': 'জি রুলি', 'hi': 'जी. रुल्ली', 'ru': 'Х. Рульи'}}",,,4819,12,12,G,True,,,,,,,,,,,,,,,,,,,,,,,,0.0,,,,,,,0,,"{'sportSlug': 'football', 'statisticsType': 'player'}",,,,,,,,,,,,,,,,,,,,,,,,,,,,,,,,,,Argentina,
Franco Armani,franco-armani,F. Armani,G,34,189,3289,M,gvtkfi,"{'alpha2': 'AR', 'alpha3': 'ARG', 'name': 'Argentina', 'slug': 'argentina'}",221140,EUR,529804800,"{'value': 195000, 'currency': 'EUR'}","{'nameTranslation': {'ar': 'فرانكو أرماني', 'bn': 'ফ্রাঙ্কো আরমানি', 'hi': 'फ्रेंको अरमानी', 'ru': 'Франко Армани'}, 'shortNameTranslation': {'ar': 'ف. أرماني', 'bn': 'এফ. আরমানি', 'hi': 'एफ. अरमानी', 'ru': 'Ф. Армани'}}",Franco,Armani,4819,1,1,G,True,,,,,,,,,,,,,,,,,,,,,,,,0.0,,,,,,,0,,"{'sportSlug': 'football', 'statisticsType': 'player'}",,,,,,,,,,,,,,,,,,,,,,,,,,,,,,,,,,Argentina,
Lisandro Martínez,lisandro-martinez,L. Martínez,D,6,175,68372,M,LichaMartinez,"{'alpha2': 'AR', 'alpha3': 'ARG', 'name': 'Argentina', 'slug': 'argentina'}",859999,EUR,885081600,"{'value': 48000000, 'currency': 'EUR'}","{'nameTranslation': {'ar': 'ليساندرو مارتينيز', 'bn': 'লিসান্দ্রো মার্টিনেজ', 'hi': 'लिसांड्रो मार्टिनेज', 'ru': 'Лисандро Мартинес'}, 'shortNameTranslation': {'ar': 'ل. مارتينيز', 'bn': 'এল. মার্টিনেজ', 'hi': 'एल. मार्टिनेज', 'ru': 'Л. Мартинес'}}",,,4819,25,25,D,True,,,,,,,,,,,,,,,,,,,,,,,,0.0,,,,,,,0,,"{'sportSlug': 'football', 'statisticsType': 'player'}",,,,,,,,,,,,,,,,,,,,,,,,,,,,,,,,,,Argentina,
Juan Foyth,juan-foyth,J. Foyth,D,8,187,7090,M,juanfoyth,"{'alpha2': 'AR', 'alpha3': 'ARG', 'name': 'Argentina', 'slug': 'argentina'}",873189,EUR,884563200,"{'value': 8600000, 'currency': 'EUR'}","{'nameTranslation': {'ar': 'خوان فويث', 'bn': 'জুয়ান ফয়েথ', 'hi': 'जुआन फ़ोयथ', 'ru': 'Хуан Фойт'}, 'shortNameTranslation': {'ar': 'خ. فويث', 'bn': 'জে. ফয়থ', 'hi': 'जे. फ़ोयथ', 'ru': 'Х. Фойт'}}",Juan,Foyth,4819,2,2,D,True,,,,,,,,,,,,,,,,,,,,,,,,0.0,,,,,,,0,,"{'sportSlug': 'football', 'statisticsType': 'player'}",,,,,,,,,,,,,,,,,,,,,,,,,,,,,,,,,,Argentina,
Guido Rodríguez,guido-rodriguez,G. Rodríguez,M,2,185,4309,M,guiido_rodriguez,"{'alpha2': 'AR', 'alpha3': 'ARG', 'name': 'Argentina', 'slug': 'argentina'}",609752,EUR,766108800,"{'value': 4200000, 'currency': 'EUR'}","{'nameTranslation': {'ar': 'جويدو رودريغيز', 'bn': 'গুইডো রদ্রিগেজ', 'hi': 'गुइडो रोड्रिग्ज़', 'ru': 'Гвидо Родригес'}, 'shortNameTranslation': {'ar': 'ج. رودريغيز', 'bn': 'জি. রদ্রিগেজ', 'hi': 'जी. रोड्रिग्ज़', 'ru': 'Г. Родригес'}}",Guido,Rodriguez,4819,18,18,M,True,,,,,,,,,,,,,,,,,,,,,,,,0.0,,,,,,,0,,"{'sportSlug': 'football', 'statisticsType': 'player'}",,,,,,,,,,,,,,,,,,,,,,,,,,,,,,,,,,Argentina,
Exequiel Palacios,exequiel-palacios,E. Palacios,M,25,177,16617,M,exepalaciosok,"{'alpha2': 'AR', 'alpha3': 'ARG', 'name': 'Argentina', 'slug': 'argentina'}",822600,EUR,907545600,"{'value': 26000000, 'currency': 'EUR'}","{'nameTranslation': {'ar': 'إسيكييل بالاسيوس', 'bn': 'এক্সকুয়েল প্যালাসিওস', 'hi': 'एक्सेक्विएल पालासिओस', 'ru': 'Эсекьель Паласиос'}, 'shortNameTranslation': {'ar': 'إ. بالاسيوس', 'bn': 'ই. প্যালাসিওস', 'hi': 'ई. पालासिओस', 'ru': 'Э. Паласиос'}}",Exequiel,Palacios,4819,14,14,M,True,,,,,,,,,,,,,,,,,,,,,,,,0.0,,,,,,,0,,"{'sportSlug': 'football', 'statisticsType': 'player'}",,,,,,,,,,,,,,,,,,,,,,,,,,,,,,,,,,Argentina,
Papu Gómez,papu-gomez,P. Gómez,M,10,165,3942,M,ElPapu,"{'alpha2': 'AR', 'alpha3': 'ARG', 'name': 'Argentina', 'slug': 'argentina'}",33381,EUR,571881600,"{'value': 535000, 'currency': 'EUR'}","{'nameTranslation': {'ar': 'بابو غوميز', 'bn': 'পাপু গোমেজ', 'hi': 'पापू गोमेज़', 'ru': 'Папу Гомес'}, 'shortNameTranslation': {'ar': 'ب. غوميز', 'bn': 'পি. গোমেজ', 'hi': 'पी. गोमेज़', 'ru': 'П. Гомес'}}",,,4819,17,17,M,True,,,,,,,,,,,,,,,,,,,,,,,,0.0,,,,,,,0,,"{'sportSlug': 'football', 'statisticsType': 'player'}",,,,,,,,,,,,,,,,,,,,,,,,,,,,,,,,,,Argentina,
Ángel Correa,angel-correa,Á. Correa,M,10,171,17819,M,angelcorrea32,"{'alpha2': 'AR', 'alpha3': 'ARG', 'name': 'Argentina', 'slug': 'argentina'}",316152,EUR,794707200,"{'value': 8800000, 'currency': 'EUR'}","{'nameTranslation': {'ar': 'أنخيل كوريا', 'bn': 'অ্যাঞ্জেল কোরেয়া', 'hi': 'एंजेल कोरीया', 'ru': 'Анхель Корреа'}, 'shortNameTranslation': {'ar': 'أ. كوريا', 'bn': 'এ. কোরেয়া', 'hi': 'ए. कोरीया', 'ru': 'А. Корреа'}}",,,4819,15,15,F,True,,,,,,,,,,,,,,,,,,,,,,,,0.0,,,,,,,0,,"{'sportSlug': 'football', 'statisticsType': 'player'}",,,,,,,,,,,,,,,,,,,,,,,,,,,,,,,,,,Argentina,
Thiago Almada,thiago-almada,T. Almada,M,23,171,35331,M,thiago_almada23,"{'alpha2': 'AR', 'alpha3': 'ARG', 'name': 'Argentina', 'slug': 'argentina'}",944660,EUR,988243200,"{'value': 21000000, 'currency': 'EUR'}","{'nameTranslation': {'ar': 'تياغو ألمادا', 'bn': 'থিয়াগো আলমাদা', 'hi': 'थियागो अल्माडा', 'ru': 'Тьяго Альмада'}, 'shortNameTranslation': {'ar': 'ت. ألمادا', 'bn': 'টি. আলমাদা', 'hi': 'टी. अल्माडा', 'ru': 'Т. Альмада'}}",,,4819,16,16,M,True,,,,,,,,,,,,,,,,,,,,,,,,0.0,,,,,,,0,,"{'sportSlug': 'football', 'statisticsType': 'player'}",,,,,,,,,,,,,,,,,,,,,,,,,,,,,,,,,,Argentina,
Hugo Lloris,hugo-lloris,H. Lloris,G,1,188,5613,M,LlorisH,"{'alpha2': 'FR', 'alpha3': 'FRA', 'name': 'France', 'slug': 'france'}",9048,EUR,535939200,"{'value': 970000, 'currency': 'EUR'}","{'nameTranslation': {'ar': 'هوغو لوريس', 'bn': 'হুগো লরিস', 'hi': 'ह्यूगो लोरिस', 'ru': 'Уго Льорис'}, 'shortNameTranslation': {'ar': 'ه. لوريس', 'bn': 'এইচ. লরিস', 'hi': 'एच. लोरिस', 'ru': 'У. Льорис'}}",,,4481,1,1,G,False,36.0,18.0,28.0,10.0,0.0,10.0,13.0,23.0,2.0,8.0,,4.0,1.0,7.0,,1.0,1.0,120.0,51.0,7.7,18.0,,0.0,0.0,0.00361835,42.675330177382,6.0,12.305740419904,0.0,"{'original': 7.7, 'alternative': 7.7}",0,0.8696,"{'sportSlug': 'football', 'statisticsType': 'player'}",8.0,,,,1.0,,,,,,,,,1.0,,,,,,,,,,,,,,,,,,,,France,True
Jules Koundé,jules-kounde,J. Koundé,D,23,180,174117,M,JKounde,"{'alpha2': 'FR', 'alpha3': 'FRA', 'name': 'France', 'slug': 'france'}",827212,EUR,910828800,"{'value': 64000000, 'currency': 'EUR'}","{'nameTranslation': {'ar': 'جوليس كوندي', 'bn': 'জুলস কাউন্ডে', 'hi': 'जूल्स कौंडे', 'ru': 'Жюль Кунде'}, 'shortNameTranslation': {'ar': 'ج. كوندي', 'bn': 'জে. কাউন্ডে', 'hi': 'जे. कौंडे', 'ru': 'Ж. Кунде'}}",Jules,Kounde,4481,5,5,D,False,62.0,49.0,4.0,3.0,0.0,30.0,40.0,22.0,2.0,7.0,,,,,,,,119.0,84.0,6.5,20.0,,0.0,0.0,0.00933473,152.96707187519,16.0,83.499778227851,2.0,"{'original': 6.5, 'alternative': 6.5}",0,,"{'sportSlug': 'football', 'statisticsType': 'player'}",19.0,1.0,1.0,6.0,7.0,2.0,1.0,4.0,4.0,2.0,19.462654406825,53.827113388978,1.0,1.0,2.0,,,,1.0,1.0,,,1.0,,,,,,,,,,,France,
Raphaël Varane,raphael-varane,R. Varane,D,,191,10772,M,raphael_varane,"{'alpha2': 'FR', 'alpha3': 'FRA', 'name': 'France', 'slug': 'france'}",138310,EUR,735696000,,"{'nameTranslation': {'ar': 'رافاييل فاران', 'bn': 'রাফায়েল ভারানে', 'hi': 'रफएल वरने', 'ru': 'Рафаэль Варане'}, 'shortNameTranslation': {'ar': 'ر. فاران', 'bn': 'আর. ভারানে', 'hi': 'आर. वरने', 'ru': 'Р. Варане'}}",,,4481,4,4,D,False,63.0,56.0,9.0,5.0,0.0,44.0,44.0,19.0,3.0,4.0,,,,,,,,113.0,71.0,6.5,7.0,,0.0,0.0,0.00430636,330.64238546722,33.0,196.18883122421,2.0,"{'original': 6.5, 'alternative': 6.5}",0,,"{'sportSlug': 'football', 'statisticsType': 'player'}",12.0,,,,1.0,,1.0,,,,25.178137794957,47.000882560145,,1.0,,1.0,,,,,,,,,,,,,1.0,,,,,France,
Dayot Upamecano,dayot-upamecano,D. Upamecano,D,2,185,22074,M,Upamecano,"{'alpha2': 'FR', 'alpha3': 'FRA', 'name': 'France', 'slug': 'france'}",798583,EUR,909446400,"{'value': 69000000, 'currency': 'EUR'}","{'nameTranslation': {'ar': 'دايوت أوباميكانو', 'bn': 'ডেওট উপমেকানো', 'hi': 'दयोत उपामेकानो', 'ru': 'Дайот Упамекано'}, 'shortNameTranslation': {'ar': 'د. أوباميكانو', 'bn': 'ডি. উপমেকানো', 'hi': 'डी. उपामेकानो', 'ru': 'Д. Упамекано'}}",Dayot,Upamecano,4481,18,18,D,False,66.0,55.0,13.0,8.0,0.0,42.0,44.0,22.0,1.0,4.0,,,,,,,,120.0,74.0,6.7,13.0,,0.0,0.0,0.00356029,239.74808979016,29.0,147.67510679328,1.0,"{'original': 6.7, 'alternative': 6.7}",0,,"{'sportSlug': 'football', 'statisticsType': 'player'}",13.0,,,1.0,4.0,,,1.0,,,20.936936426302,28.441245823627,3.0,,1.0,2.0,,1.0,,,,,,,,,,,,,,,,France,
Theo Hernández,theo-hernandez,T. Hernández,D,19,184,30613,M,TheoHdez,"{'alpha2': 'FR', 'alpha3': 'FRA', 'name': 'France', 'slug': 'france'}",788027,EUR,876096000,"{'value': 21000000, 'currency': 'EUR'}","{'nameTranslation': {'ar': 'ثيو هيرنانديز', 'bn': 'থিও হার্নান্দেজ', 'hi': 'थियो हर्नांडेज़', 'ru': 'Тео Эрнандес'}, 'shortNameTranslation': {'ar': 'ث. هيرنانديز', 'bn': 'টি. হার্নান্দেজ', 'hi': 'टी. हर्नांडेज़', 'ru': 'Т. Эрнандес'}}",Theo,Hernandez,4481,22,22,D,False,37.0,30.0,5.0,3.0,0.0,15.0,19.0,18.0,,4.0,,,,,,,,71.0,61.0,6.8,15.0,,0.0,0.0,0.00872938,104.7343410941,11.0,11.512244859192,0.0,"{'original': 6.8, 'alternative': 6.8}",0,,"{'sportSlug': 'football', 'statisticsType': 'player'}",15.0,3.0,2.0,3.0,8.0,,,3.0,2.0,2.0,,,1.0,3.0,2.0,,,,,1.0,,,1.0,,,,,,,,,,,France,
Aurélien Tchouaméni,aurelien-tchouameni,A. Tchouaméni,M,14,188,170202,M,ATchouameni,"{'alpha2': 'FR', 'alpha3': 'FRA', 'name': 'France', 'slug': 'france'}",859025,EUR,948931200,"{'value': 73000000, 'currency': 'EUR'}","{'nameTranslation': {'ar': 'أوريليان تشواميني', 'bn': 'অরেলিয়ান চৌমেনি', 'hi': 'ऑरेलियन टचौमेनी', 'ru': 'Орельен Тчуамени'}, 'shortNameTranslation': {'ar': 'أ. تشواميني', 'bn': 'এ. চৌমেনি', 'hi': 'ए. टचौमेनी', 'ru': 'О. Тчуамени'}}",Aurelien,Tchouameni,4481,8,8,M,False,70.0,52.0,4.0,2.0,0.0,22.0,27.0,43.0,2.0,9.0,,,,,,,,120.0,86.0,6.5,22.0,,0.0,0.0,0.0219302,128.75415965651,16.0,48.808023487452,1.0,"{'original': 6.5, 'alternative': 6.5}",0,,"{'sportSlug': 'football', 'statisticsType': 'player'}",30.0,,1.0,4.0,6.0,,2.0,1.0,1.0,3.0,15.821457583048,21.412475242251,1.0,2.0,2.0,,,,,3.0,,,2.0,,,,,,,,,,1.0,France,
Adrien Rabiot,adrien-rabiot,A. Rabiot,M,12,191,16175,M,adrienrabiot_25,"{'alpha2': 'FR', 'alpha3': 'FRA', 'name': 'France', 'slug': 'france'}",250737,EUR,796867200,"{'value': 17300000, 'currency': 'EUR'}","{'nameTranslation': {'ar': 'أدريان رابيو', 'bn': 'অ্যাড্রিয়েন রাবিওট', 'hi': 'एड्रियन रेबियोट', 'ru': 'Адриен Рабьо'}, 'shortNameTranslation': {'ar': 'أ. رابيو', 'bn': 'এ. রাবিওট', 'hi': 'ए. रेबियोट', 'ru': 'А. Рабьо'}}",Adrien,Rabiot,4481,14,14,M,False,52.0,41.0,3.0,1.0,0.0,22.0,24.0,28.0,2.0,7.0,,,,,,,,96.0,69.0,7.0,12.0,,0.0554,0.0207,0.0120219,172.62406543151,15.0,75.733755966412,2.0,"{'original': 7, 'alternative': 7}",1,,"{'sportSlug': 'football', 'statisticsType': 'player'}",19.0,1.0,,4.0,7.0,1.0,3.0,2.0,1.0,,20.383846308851,65.546409881341,2.0,3.0,3.0,,,,,,,1.0,,,,,,,,,,,,France,
Ousmane Dembélé,ousmane-dembele,O. Dembélé,F,10,178,389988,M,ODembele,"{'alpha2': 'FR', 'alpha3': 'FRA', 'name': 'France', 'slug': 'france'}",818244,EUR,863654400,"{'value': 97000000, 'currency': 'EUR'}","{'nameTranslation': {'ar': 'عثمان ديمبيلي', 'bn': 'উসমান ডেম্বেলে', 'hi': 'उस्मान डेम्बेले', 'ru': 'Усман Дембеле'}, 'shortNameTranslation': {'ar': 'ع. ديمبيلي', 'bn': 'ও. ডেম্বেলে', 'hi': 'ओ. डेम्बेले', 'ru': 'У. Дембеле'}}",Ousmane,Dembele,4481,11,11,M,False,12.0,9.0,1.0,1.0,0.0,4.0,6.0,6.0,,2.0,,,,,,,,41.0,17.0,5.7,7.0,,0.0,0.0,0.0050929,39.659537803617,4.0,21.309444174522,0.0,"{'original': 5.7, 'alternative': 5.7}",0,,"{'sportSlug': 'football', 'statisticsType': 'player'}",5.0,1.0,,5.0,,2.0,,,,1.0,,,,,1.0,,1.0,,1.0,1.0,,,,,,,,,,,,,,France,
Antoine Griezmann,antoine-griezmann,A. Griezmann,F,7,176,113984,M,AGriez,"{'alpha2': 'FR', 'alpha3': 'FRA', 'name': 'France', 'slug': 'france'}",85859,EUR,669513600,"{'value': 7600000, 'currency': 'EUR'}","{'nameTranslation': {'ar': 'أنطوان غريزمان', 'bn': 'অ্যান্টোইন গ্রিজম্যান', 'hi': 'एंटोनी ग्रीज़मैन', 'ru': 'Антуан Гризманн'}, 'shortNameTranslation': {'ar': 'أ. غريزمان', 'bn': 'এ. গ্রিজম্যান', 'hi': 'ए. ग्रीज़मैन', 'ru': 'А. Гризманн'}}",,,4481,7,7,M,False,26.0,20.0,1.0,1.0,0.0,11.0,12.0,14.0,2.0,2.0,,,,,,,,71.0,46.0,6.9,11.0,,0.0,0.0,0.0941049,22.118986663701,3.0,6.3489417210912,0.0,"{'original': 6.9, 'alternative': 6.9}",0,,"{'sportSlug': 'football', 'statisticsType': 'player'}",9.0,5.0,1.0,3.0,6.0,,2.0,3.0,,,,,1.0,1.0,,,,1.0,1.0,2.0,,,1.0,,,,2.0,,,,,,,France,
Kylian Mbappé,kylian-mbappe,K. Mbappé,F,10,180,2490094,M,KMbappe,"{'alpha2': 'FR', 'alpha3': 'FRA', 'name': 'France', 'slug': 'france'}",826643,EUR,914112000,"{'value': 212000000, 'currency': 'EUR'}","{'nameTranslation': {'ar': 'كيليان مبابي', 'bn': 'কিলিয়ান এমবাপ্পে', 'hi': 'किलियन एमबाप्पे', 'ru': 'Килиан Мбаппе'}, 'shortNameTranslation': {'ar': 'ك. مبابي', 'bn': 'কে. এমবাপ্পে', 'hi': 'के. एमबाप्पे', 'ru': 'К. Мбаппе'}}",,,4481,10,10,M,False,21.0,16.0,2.0,1.0,0.0,4.0,4.0,17.0,,5.0,,,,,,,,120.0,47.0,8.8,15.0,,1.7998,2.2597,0.0247522,180.52983308446,16.0,119.33849867338,4.0,"{'original': 8.8, 'alternative': 8.8}",6,,"{'sportSlug': 'football', 'statisticsType': 'player'}",12.0,3.0,,7.0,4.0,,,,,1.0,26.327956659948,100.53227089274,,,2.0,,,,,9.0,1.0,3.0,4.0,2.0,,,,3.0,2.0,1.0,,,,France,
Olivier Giroud,olivier-giroud,O. Giroud,F,9,192,24522,M,OGiroud,"{'alpha2': 'FR', 'alpha3': 'FRA', 'name': 'France', 'slug': 'france'}",39070,EUR,528422400,"{'value': 930000, 'currency': 'EUR'}","{'nameTranslation': {'ar': 'أوليفييه جيرو', 'bn': 'অলিভিয়ার গিরুড', 'hi': 'ओलिवियर गिरौड', 'ru': 'Оливье Жиру'}, 'shortNameTranslation': {'ar': 'أ. جيرو', 'bn': 'ও. গিরুড', 'hi': 'ओ. गिरौड', 'ru': 'О. Жиру'}}",,,4481,9,9,F,False,9.0,5.0,,,0.0,2.0,4.0,5.0,1.0,,,,,,,,,41.0,12.0,6.7,4.0,,0.0,0.0,0.00245903,,,,,"{'original': 6.7, 'alternative': 6.7}",0,,"{'sportSlug': 'football', 'statisticsType': 'player'}",3.0,,1.0,1.0,6.0,,,1.0,,,,,4.0,1.0,,,,,,,,,,,,,,,,,,,,France,
Randal Kolo Muani,randal-kolo-muani,R. Kolo Muani,F,9,187,27790,M,RKM,"{'alpha2': 'FR', 'alpha3': 'FRA', 'name': 'France', 'slug': 'france'}",871706,EUR,912816000,"{'value': 18200000, 'currency': 'EUR'}","{'nameTranslation': {'ar': 'راندا كولو مواني', 'bn': 'রান্ডাল কোলো মুয়ানি', 'hi': 'रैंडल कोलो मुआनी', 'ru': 'Рандал Коло Муани'}, 'shortNameTranslation': {'ar': 'ر. مواني', 'bn': 'আর. কে. মুয়ানি', 'hi': 'आर.के. मुआनी', 'ru': 'Р. Муани'}}",Randal,Kolo Muani,4481,12,12,F,True,18.0,12.0,,,0.0,4.0,5.0,13.0,,7.0,,,,,,,,79.0,40.0,7.4,17.0,,0.3916,0.5522,0.0137223,132.08574469102,11.0,-15.460248078853,1.0,"{'original': 7.4, 'alternative': 7.4}",2,,"{'sportSlug': 'football', 'statisticsType': 'player'}",8.0,1.0,1.0,9.0,13.0,,,3.0,2.0,5.0,17.620018878134,18.50608767406,5.0,4.0,3.0,,,,3.0,3.0,1.0,1.0,1.0,,,,,,,1.0,1.0,1.0,,France,
Marcus Thuram,marcus-thuram,M. Thuram,F,9,192,31479,M,m_thuram,"{'alpha2': 'FR', 'alpha3': 'FRA', 'name': 'France', 'slug': 'france'}",791702,EUR,870825600,"{'value': 52000000, 'currency': 'EUR'}","{'nameTranslation': {'ar': 'ماركوس تورام', 'bn': 'থুরাম, মার্কাস', 'hi': 'थुरम, मार्कस', 'ru': 'Маркус Тюрам'}, 'shortNameTranslation': {'ar': 'م. تورام', 'bn': 'এম. থুরাম', 'hi': 'एम. मार्कस', 'ru': 'М. Тюрам'}}",Marcus,Thuram,4481,26,26,F,True,19.0,12.0,2.0,1.0,1.0,4.0,4.0,15.0,1.0,4.0,,,,,,,,79.0,38.0,7.1,13.0,,0.0,0.0,0.0586491,40.400275110493,5.0,27.573120231926,1.0,"{'original': 7.1, 'alternative': 7.1}",0,,"{'sportSlug': 'football', 'statisticsType': 'player'}",8.0,1.0,1.0,4.0,9.0,,,1.0,,2.0,16.874618075189,17.598699980396,4.0,1.0,2.0,,,1.0,,5.0,,,3.0,,,,,,1.0,,,,,France,
Kingsley Coman,kingsley-coman,K. Coman,M,21,178,35893,M,KingComan,"{'alpha2': 'FR', 'alpha3': 'FRA', 'name': 'France', 'slug': 'france'}",280441,EUR,834624000,"{'value': 21000000, 'currency': 'EUR'}","{'nameTranslation': {'ar': 'كينغسلي كومان', 'bn': 'কিংসলে কোমান', 'hi': 'किंग्सले कोमन', 'ru': 'Кингсли Коман'}, 'shortNameTranslation': {'ar': 'ك. كومان', 'bn': 'কে. কোমান', 'hi': 'के. कोमन', 'ru': 'К. Коман'}}",Kingsley,Coman,4481,20,20,F,True,7.0,4.0,1.0,1.0,0.0,1.0,2.0,5.0,,7.0,,,,,,,,49.0,31.0,6.6,14.0,,0.0,0.0,0.0247891,111.33533633035,7.0,49.462457279191,1.0,"{'original': 6.6, 'alternative': 6.6}",0,,"{'sportSlug': 'football', 'statisticsType': 'player'}",3.0,7.0,1.0,5.0,6.0,1.0,,3.0,2.0,2.0,20.431634820186,57.721912269085,,1.0,,,,,3.0,2.0,,,2.0,,,,1.0,,,,,,1.0,France,
Eduardo Camavinga,eduardo-camavinga,E. Camavinga,M,6,182,206945,M,Tacklevinga,"{'alpha2': 'FR', 'alpha3': 'FRA', 'name': 'France', 'slug': 'france'}",973887,EUR,1036886400,"{'value': 48000000, 'currency': 'EUR'}","{'nameTranslation': {'ar': 'إدواردو كامافينغا', 'bn': 'কামাভিঙ্গা, এডুয়ার্ডো', 'hi': 'कैमाविंगा, एडुआर्डो', 'ru': 'Эдуардо Камавинга'}, 'shortNameTranslation': {'ar': 'إ. كامافينغا', 'bn': 'ই. কামাভিঙ্গা', 'hi': 'ई. एडुआर्डो', 'ru': 'Э. Камавинга'}}",Eduardo,Camavinga,4481,25,25,M,True,21.0,19.0,,,0.0,13.0,14.0,7.0,,6.0,,,,,,,,49.0,36.0,7.1,3.0,,0.0,0.0,0.0338302,81.461464931396,8.0,35.666568562289,1.0,"{'original': 7.1, 'alternative': 7.1}",0,,"{'sportSlug': 'football', 'statisticsType': 'player'}",6.0,,,3.0,7.0,1.0,,3.0,3.0,,39.37237457806,40.951411453087,,3.0,1.0,,,2.0,,2.0,,,1.0,,,,,,,,,,,France,
Youssouf Fofana,youssouf-fofana,Y. Fofana,M,19,185,6871,M,YFofana19_,"{'alpha2': 'FR', 'alpha3': 'FRA', 'name': 'France', 'slug': 'france'}",945062,EUR,915926400,"{'value': 25000000, 'currency': 'EUR'}","{'nameTranslation': {'ar': 'يوسوف فوفانا', 'bn': 'ইউসুফ ফোফানা', 'hi': 'यूसुफ़ फ़ोफ़ाना', 'ru': 'Юссуф Фофана'}, 'shortNameTranslation': {'ar': 'ي. فوفانا', 'bn': 'ওয়াই. ফোফানা', 'hi': 'वाई. फ़ोफ़ाना', 'ru': 'Ю. Фофана'}}",,,4481,13,13,M,True,12.0,10.0,1.0,,0.0,5.0,6.0,6.0,,2.0,,,,,,,,24.0,18.0,6.6,3.0,,0.0232,0.0,0.00273908,46.446938391107,4.0,17.753575482666,1.0,"{'original': 6.6, 'alternative': 6.6}",1,,"{'sportSlug': 'football', 'statisticsType': 'player'}",5.0,,,2.0,3.0,1.0,,1.0,,,24.716631876955,27.933654540715,,1.0,,,,,1.0,1.0,,,1.0,1.0,,,,,,,,,,France,
Ibrahima Konaté,ibrahima-konate,I. Konaté,D,16,195,64161,M,ibrahimakonate,"{'alpha2': 'FR', 'alpha3': 'FRA', 'name': 'France', 'slug': 'france'}",826215,EUR,927590400,"{'value': 46000000, 'currency': 'EUR'}","{'nameTranslation': {'ar': 'إبراهيما كوناتي', 'bn': 'ইব্রাহিম কোনাতে', 'hi': 'इब्राहीमा कोनाटे', 'ru': 'Ибрагима Конате'}, 'shortNameTranslation': {'ar': 'إ. كوناتي', 'bn': 'আই. কোনাতে', 'hi': 'आई. कोनाटे', 'ru': 'И. Конате'}}",Ibrahima,Konate,4481,24,24,D,True,1.0,1.0,1.0,1.0,0.0,,,1.0,2.0,,,,,,,,,11.0,5.0,7.1,1.0,,0.0,0.0,0.238336,8.7306247771852,1.0,1.2847268902113,0.0,"{'original': 7.1, 'alternative': 7.1}",0,,"{'sportSlug': 'football', 'statisticsType': 'player'}",1.0,1.0,1.0,1.0,,,,,,,,,,,,,,1.0,,,,,,,,1.0,,,,,,,,France,
Axel Disasi,axel-disasi,A. Disasi,D,2,190,10947,M,axel_disasi,"{'alpha2': 'FR', 'alpha3': 'FRA', 'name': 'France', 'slug': 'france'}",827243,EUR,889574400,"{'value': 15500000, 'currency': 'EUR'}","{'nameTranslation': {'ar': 'أكسيل ديساسي', 'bn': 'অ্যাক্সেল ডিসাসি', 'hi': 'एक्सल डिसासी', 'ru': 'Аксель Дисаси'}, 'shortNameTranslation': {'ar': 'أ. ديساسي', 'bn': 'এ. ডিসাসি', 'hi': 'ए. डिसासी', 'ru': 'А. Дисаси'}}",Axel,Disasi,4481,3,3,D,True,,,,,0.0,,,,,,,,,,,,,1.0,,,,,0.0,0.0,0.0,,,,,,0,,"{'sportSlug': 'football', 'statisticsType': 'player'}",,,,,,,,,,,,,,,,,,,,,,,,,,,,,,,,,,France,
Steve Mandanda,steve-mandanda,S. Mandanda,G,30,185,826,M,c6w6gi,"{'alpha2': 'FR', 'alpha3': 'FRA', 'name': 'France', 'slug': 'france'}",27029,EUR,480816000,,"{'nameTranslation': {'ar': 'ستيف مانداندا', 'bn': 'স্টিভ মান্দান্দা', 'hi': 'स्टीव मंडांडा', 'ru': 'Стив Манданда'}, 'shortNameTranslation': {'ar': 'س. مانداندا', 'bn': 'এস. মান্দান্দা', 'hi': 'एस. मंडांडा', 'ru': 'С. Манданда'}}",,,4481,16,16,G,True,,,,,,,,,,,,,,,,,,,,,,,,0.0,,,,,,,0,,"{'sportSlug': 'football', 'statisticsType': 'player'}",,,,,,,,,,,,,,,,,,,,,,,,,,,,,,,,,,France,
Alphonse Aréola,alphonse-areola,A. Aréola,G,23,195,3286,M,uzq2sn,"{'alpha2': 'FR', 'alpha3': 'FRA', 'name': 'France', 'slug': 'france'}",96531,EUR,730771200,"{'value': 3700000, 'currency': 'EUR'}","{'nameTranslation': {'ar': 'ألفونس أريولا', 'bn': 'আলফোনস আরেওলা', 'hi': 'अल्फोंस एरियोला', 'ru': 'Алфонс Ареола'}, 'shortNameTranslation': {'ar': 'أ. أريولا', 'bn': 'এ. আরেওলা', 'hi': 'ए. एरियोला', 'ru': 'А. Ареола'}}",,,4481,23,23,G,True,,,,,,,,,,,,,,,,,,,,,,,,0.0,,,,,,,0,,"{'sportSlug': 'football', 'statisticsType': 'player'}",,,,,,,,,,,,,,,,,,,,,,,,,,,,,,,,,,France,
Benjamin Pavard,benjamin-pavard,B. Pavard,D,28,186,11955,M,benpavard21,"{'alpha2': 'FR', 'alpha3': 'FRA', 'name': 'France', 'slug': 'france'}",787505,EUR,827971200,"{'value': 12700000, 'currency': 'EUR'}","{'nameTranslation': {'ar': 'بنيامين بافارد', 'bn': 'বেঞ্জামিন পাভার্ড', 'hi': 'बेंजामिन पावर्ड', 'ru': 'Бенжамен Павар'}, 'shortNameTranslation': {'ar': 'ب. بافارد', 'bn': 'বি. পাভার্ড', 'hi': 'बी. पावर्ड', 'ru': 'Б. Павар'}}",Benjamin,Pavard,4481,2,2,D,True,,,,,,,,,,,,,,,,,,,,,,,,0.0,,,,,,,0,,"{'sportSlug': 'football', 'statisticsType': 'player'}",,,,,,,,,,,,,,,,,,,,,,,,,,,,,,,,,,France,
William Saliba,william-saliba,W. Saliba,D,2,193,55160,M,WSaliba4,"{'alpha2': 'FR', 'alpha3': 'FRA', 'name': 'France', 'slug': 'france'}",941168,EUR,985392000,"{'value': 94000000, 'currency': 'EUR'}","{'nameTranslation': {'ar': 'ويليام ساليبا', 'bn': 'উইলিয়াম সালিবা', 'hi': 'विलियम सलीबा', 'ru': 'Уильям Салиба'}, 'shortNameTranslation': {'ar': 'و. ساليبا', 'bn': 'ডব্লিউ. সালিবা', 'hi': 'डब्लू. सलीबा', 'ru': 'У. Салиба'}}",William,Saliba,4481,17,17,D,True,,,,,,,,,,,,,,,,,,,,,,,,0.0,,,,,,,0,,"{'sportSlug': 'football', 'statisticsType': 'player'}",,,,,,,,,,,,,,,,,,,,,,,,,,,,,,,,,,France,
Mattéo Guendouzi,matteo-guendouzi,M. Guendouzi,M,6,185,8922,M,MatteoGuendouzi,"{'alpha2': 'FR', 'alpha3': 'FRA', 'name': 'France', 'slug': 'france'}",852404,EUR,924048000,"{'value': 26000000, 'currency': 'EUR'}","{'nameTranslation': {'ar': 'ماتيو غندوزي', 'bn': 'মাত্তেও গুয়েনডোজি', 'hi': 'माटेओ गुएन्डौज़ी', 'ru': 'Маттео Гендози'}, 'shortNameTranslation': {'ar': 'م. غندوزي', 'bn': 'এম. গুয়েনডোজি', 'hi': 'एम. गुएन्डौज़ी', 'ru': 'М. Гендози'}}",Matteo,Guendouzi,4481,6,6,M,True,,,,,,,,,,,,,,,,,,,,,,,,0.0,,,,,,,0,,"{'sportSlug': 'football', 'statisticsType': 'player'}",,,,,,,,,,,,,,,,,,,,,,,,,,,,,,,,,,France,
Jordan Veretout,jordan-veretout,J. Veretout,M,17,177,1289,M,grwvgi,"{'alpha2': 'FR', 'alpha3': 'FRA', 'name': 'France', 'slug': 'france'}",151124,EUR,730944000,"{'value': 2800000, 'currency': 'EUR'}","{'nameTranslation': {'ar': 'جوردان فيريتو', 'bn': 'জর্ডান ভেরেটআউট', 'hi': 'जॉर्डन वेरेटौट', 'ru': 'Джордан Верету'}, 'shortNameTranslation': {'ar': 'ج. فيريتو', 'bn': 'জে. ভেরেটআউট', 'hi': 'जे. वेरेटौट', 'ru': 'Д. Верету'}}",,,4481,15,15,M,True,,,,,,,,,,,,,,,,,,,,,,,,0.0,,,,,,,0,,"{'sportSlug': 'football', 'statisticsType': 'player'}",,,,,,,,,,,,,,,,,,,,,,,,,,,,,,,,,,France,
